titles,authors,nums,peoples
撒野,巫哲/北京联合出版公司/2018-10/45.00元,8.7,(23579人评价)
默读,Priest/百花洲文艺出版社/2018-1/45.00,8.4,(30989人评价)
伪装学渣,木瓜黄/北京时代华文书局/2019-6/39.80元,6.6,(5379人评价)
魔道祖師 一,墨香铜臭/平心工作室/2016-12-8/NT330元,7.9,(25692人评价)
撒野 2,巫哲/贵州人民出版社/2019-4/49.80元,8.9,(7046人评价)
破云,淮上,8.4,(7889人评价)
天官赐福,杜枫/三葉草出版社/2008-02-20,8.2,(5342人评价)
殺破狼,Priest/龍馬文化/2016-9/臺幣1200圓,8.8,(13664人评价)
将进酒,唐酒卿/江苏凤凰文艺出版社/2020-4/68.00（二册）,9.0,(1483人评价)
伪装学渣2,木瓜黄/北京时代华文书局/2019-9/39.80元,7.1,(1713人评价)
鬓边不是海棠红,水如天儿/中国致公出版社/2019-12/68.00元,8.3,(2435人评价)
天官賜福 一,墨香銅臭/平心出版/2017-12/NTD330,7.6,(5570人评价)
溺愛調教,西野花、笠井あゆみ/徳間書店/2013-7-27/JPY600,6.6,(197人评价)
魔道祖師 二,墨香銅臭/平心工作室/2016-12-8/NT330元,8.1,(7004人评价)
人渣反派自救系統 上,墨香銅臭/平心工作室/2017-7-24/NTD330,7.3,(3965人评价)
镇魂,priest/晋江出版社/2013-7-4/25,7.9,(14618人评价)
破云2,淮上/江苏凤凰文艺出版社/2020-6/49.80元,7.9,(1744人评价)
AWM绝地求生 上册,漫漫何其多著/北京时代华文书局/2019-4/39.8元,7.5,(2147人评价)
万花筒：南烛,西子绪/江苏凤凰文艺出版社/38.8元,7.4,(3743人评价)
桃花债,大风刮过/中国文联出版社/2016-7-1/36.00元,8.1,(6284人评价)
魔道祖師 三,墨香銅臭/平心工作室/2016-12-8/NT330元,8.1,(4577人评价)
默读.3,Priest/北京联合出版公司/2018-8/48.00元,8.5,(5724人评价)
默读.2,Priest/北京联合出版公司/2018-6/48.00元,8.5,(6915人评价)
六爻,Priest/？/1900/,8.5,(6104人评价)
镇魂,Priest/贵州人民出版社/2019-5/49.80元,8.3,(2448人评价)
碎玉投珠,北南/青岛出版社/2019-3/30.00,8.4,(1857人评价)
成化十四年,梦溪石/北京联合出版公司/2015-11-1/74.00元,8.1,(2915人评价)
格格不入,巫哲/青岛出版社/2016-4-1/59.80元,8.1,(4165人评价)
人渣反派自救系統 下,墨香銅臭/平心工作室/2017-7-24/NTD330,7.2,(2252人评价)
大哥,Priest/上海人民美术出版社/2016-3-1/CNY32.00,8.5,(7175人评价)
过门,priest/2016-10-1/16.90,8.5,(4005人评价)
残次品,priest/2017,8.8,(3186人评价)
遇蛇,溯痕/晋江文学城/2015-5-1/0.00,8.0,(2534人评价)
你丫上瘾了,柴鸡蛋/自行出版/2016-2-1/25.00,6.9,(4343人评价)
人渣反派自救系統 中,墨香銅臭/平心工作室/2017-7-24/NTD330,7.3,(2032人评价)
はじまりはナカから,みちのくアタミ/ジュネット/2018-3-31/JPY700,7.4,(104人评价)
魔道祖師 四,墨香銅臭/平心工作室/2016-12-8/NT330元,8.0,(3332人评价)
破云,淮上/江苏凤凰文艺出版社/2019-7/49.80元,8.3,(1814人评价)
放学后的秘密花园,神崎貴至/長鴻出版社/2010/130NTD,6.3,(101人评价)
铜钱龛世,木苏里/中国书籍出版社/2016-11-1,7.5,(1239人评价)
穿堂驚掠琵琶聲,高台樹色/留守番工作室/2019-9/NTD360,8.7,(881人评价)
Killing stalking: 1 杀戮跟踪,Koogi/EdizioniBD/2017-7-13,9.2,(1177人评价)
狼行成双,巫哲/江苏凤凰文艺出版社/2015-5-30/68.00元,8.2,(2516人评价)
白日事故,高台樹色/留守番/2019-5-13/NTD780,8.9,(1066人评价)
属于你我的森林,日下孝秋/尊龙/NT100,6.2,(109人评价)
撒野 一,巫哲、長樂/葭霏文創/2018-4/NTD330,8.6,(5006人评价)
我讓最想被擁抱的男人給威脅了,桜日梯子/陳姿君/東立出版社/2014-10-8/NT130元,6.8,(406人评价)
撒野 3,巫哲/江苏凤凰文艺出版社/2020-5-7/49.8元,8.6,(230人评价)
天官賜福 三,墨香銅臭/平心出版/2017-12/NTD330,7.6,(1907人评价)
Q3,日野雄飛/茜新社/2017-2-25/JPY734,8.0,(64人评价)
少年残像,由贵香织里、由貴香織里/白泉社/1998/JPY410,8.7,(6085人评价)
山羊與大野狼的發情事件,朱鷺紫羽、ときしば/長鴻,7.0,(115人评价)
被監禁的王子,緒川千世/紙屋/尖端/2013-3-1/NT130,7.9,(703人评价)
提灯映桃花,淮上/江苏文艺出版社/2017-1-1/68.00元,7.3,(1648人评价)
AWM「絕地求生」VOLUME #1,漫漫何其多/威向有限公司/2018-8/NTD320,7.6,(3123人评价)
哑奴,香品紫狐/桃源/2007-08-23,6.3,(77人评价)
万花筒千里,西子绪/江苏凤凰文艺出版社/2019-9/39.8,7.5,(405人评价)
同級生,中村明日美子/茜新社/2007/650円,9.2,(5714人评价)
最爱你的那十年,无仪宁死/江苏凤凰文艺出版社/2020-5/45.8,6.9,(198人评价)
我和我对家,PEPA/广东旅游出版社/2020-4/39.80元,7.6,(159人评价)
迪奧先生 VOL.01,綠野千鶴/威向有限公司/2018-10-31/NTD250,7.1,(942人评价)
花近江國,孔恰/留守番/2018-8-13/NTD1650,9.0,(798人评价)
一个钢镚儿,巫哲、哎呀呀/世界知识出版社/2018-9-15/35.00,7.7,(1534人评价)
世界一初恋    ~小野寺律の場合~,中村春菊/角川グループパブリッシング/2008-7-1/JPY588,9.0,(2924人评价)
一醉经年,水千丞/2016,6.6,(869人评价)
不死者,淮上/2018,7.5,(1001人评价)
皇叔,大风刮过/新世界出版社/2012-12/29.80元,8.1,(3667人评价)
娘娘腔,水千丞/2016,6.3,(1681人评价)
轻狂,巫哲/印刷工业出版社/2019-9-1/49.80元,7.4,(727人评价)
AWM「絕地求生」VOLUME #2,漫漫何其多/威向有限公司/2018-8/NTD320,7.8,(2074人评价)
天官賜福 四,墨香銅臭/平心出版/2017-12/NTD330,7.8,(1451人评价)
雙子男友的雙倍調教,五城タイガ/尖端/2015-9-21/NT130,6.0,(102人评价)
万花筒·秋石,西子绪/江苏凤凰文艺出版社/2019-5/38.8元,7.8,(1190人评价)
b-Boy Zips [08] 年下攻特集号,新田祐克、桜城やや、奥田七緒、安曇もか、本仁戻、あおぎり尊、高永ひなこ、松本テマリ/ビブロス/2004-3-15/JPY890,6.6,(27人评价)
活受罪、長相守,tangstory/木更工作室/2016-8-31,8.9,(1659人评价)
纸飞机,潭石,7.7,(709人评价)
唇枪,金十四钗/96,8.2,(1603人评价)
大哥,Priest/上海人民美术出版社/2016-3-1/CNY32.00,8.5,(3312人评价)
犯罪心理1,长洱/江苏凤凰文艺出版社/2018-3-31/36.80,7.7,(1590人评价)
麒麟之与子同袍,桔子樹/宇河文化/2011-6-10/NT280,9.3,(4340人评价)
犯罪心理2,长洱/江苏凤凰文艺出版社/2018-6-10/36.80元,7.8,(1200人评价)
灰塔笔记,空灯流远/2014-12-14/50,8.8,(186人评价)
小白杨（1）,水千丞/威向/2015-2-11/NT240,7.7,(1493人评价)
针锋对决（上）,水千丞/威向/2014-9-10/NT240,7.4,(1512人评价)
撒野 三,巫哲、長樂(繪)/葭霏文創/2018-4/NTD330,8.9,(624人评价)
天官賜福 二,墨香銅臭/平心出版/2017-12/NTD330,7.7,(1340人评价)
AWM绝地求生 下册,漫漫何其多著/北京时代华文书局/2019-4/39.8元,7.6,(628人评价)
附加遗产 上,水千丞/广东旅游出版社/2019-1/36.8元,6.3,(507人评价)
肉體還債完美計畫,にやま/尖端/2019-10-1/194NTD,6.9,(102人评价)
山河表里,Priest/云南美术出版社/2015-3-1/CNY50.00,8.0,(3763人评价)
鳴鳥不飛(01),ヨネダコウ/尖端/2013-11-8/NT130,9.3,(1248人评价)
窮鼠はチーズの夢を見る,水城せとな/小学館クリエイティブ/2006-1-26/JPY530,9.2,(1496人评价)
千秋,梦溪石/长江文艺出版社/2016-10,7.7,(1411人评价)
残次品,Preist/江苏凤凰文艺出版社/2018-12/85.00元,8.5,(945人评价)
地球上线,莫晨欢/天津人民出版社/2020-3/49.8元,7.5,(195人评价)
如意蛋,大风刮过/新世界出版社/2012-7/29.00元,7.9,(2735人评价)
我喜歡你的信息素 上,引路星/沒譜文化出版社/2020-2/NTD350,7.0,(291人评价)
纨绔,公子欢喜/龙马/2007-06-22,8.3,(5444人评价)
性の劇薬,水田ゆき/ジュネット/2019-2-19/JPY700,5.8,(158人评价)
寒武再临,水千丞/百花洲文艺出版社/2014-12/26.80元,8.1,(1519人评价)
孕男~我在男校懷孕了 2,真澄弥/東立/NTD130,,(29人评价)
万花筒·一榭,西子绪/江苏凤凰文艺出版社/39.8元,7.5,(277人评价)
又一春,大风刮过/S.A/2006-06-28,8.3,(6972人评价)
男子宿舍的玩具,菊の助/黃依齡/東立/2016-2-24/NT130,6.9,(117人评价)
壁穴マネーホール,中川リィナ/一迅社/2017-8-16/JPY734,5.8,(41人评价)
艳鬼,公子欢喜/龙马文化/2008年7月8日/180,8.4,(4666人评价)
桐花中路私立协济医院怪谈,南琅/上海人民出版社/2014-5/35.00元,7.7,(1073人评价)
俺の嫌いなつがい様,桐式トキコ/三交社/2016-6-25/JPY702,6.9,(56人评价)
禁じられた戯び,山藍紫姫子、蘭丸/花丸文庫black/2013-3/690,8.5,(61人评价)
偽裝學渣,木瓜黃/威向/2019-5-30/NTD380,7.5,(974人评价)
劣情love cross,松吉アコ/東立/2018-11-7/NTD130,7.9,(18人评价)
情人萬萬歲,千岁ぴよこ/尊龙出版社/NT.100,6.8,(38人评价)
天涯客（下册）,Priest/蘊藏文化股份有限公司/2014-3/NTD240,8.1,(2080人评价)
ケダモノアラシ,黒井モリー/海王社/2018-3-10/JPY680,5.9,(30人评价)
魔道祖師 一,墨香銅臭、千二百(繪)/平心出版/2019-10-3/TWD330,7.9,(180人评价)
犯罪心理3,长洱/江苏凤凰文艺出版社/2018-10-30/36.8,7.7,(506人评价)
当年万里觅封侯,漫漫何其多/江苏凤凰文艺出版社,7.4,(208人评价)
职业替身（上）,水千丞/威向/2013-11-13/NT240,7.1,(1085人评价)
六爻,Priest/北京时代华文书局/2018-5-1/55.00元,8.5,(1422人评价)
社交温度,卡比丘/威向/2018-10-31/NTD300,7.1,(768人评价)
桃花债 上,大风刮过/威向/2008-02-20,8.5,(6029人评价)
暴愛友情♥,ずんだ餅粉/東立/2018-1-23/NTD130,6.2,(47人评价)
外出危機,おわる/李芝慧/東立/2016-12-21/NT130,7.2,(158人评价)
追尾,潭石/ViaLactea/2019/CAD34.99,8.2,(87人评价)
ドラッグレス・セックス 辰見と戌井,エンゾウ/竹書房/2018-8-25/JPY734,8.7,(117人评价)
19天(1),old先/東立出版社/2018-10-19/NTD360,8.9,(627人评价)
末日曙光,非天夜翔/湖南人民出版社/2013-6/25.80元,8.7,(1678人评价)
陷落爱情,高座朗,,(90人评价)
沉舟(1),楚寒衣青/凌雲工作室/2014-12/NT460,8.0,(637人评价)
ヤギとオオカミの発情事情,ときしば/三交社/2019-1-25/JPY745,8.4,(64人评价)
戀愛暴君 1,高永ひなこ/台湾东贩/2004/NT.120,8.8,(1941人评价)
将军令,偷偷写文,8.7,(266人评价)
鬼子の夢,丸木文華、笠井あゆみ/白泉社/2013-11-20/JPY710,7.8,(53人评价)
犯罪心理4,长洱/江苏凤凰文艺出版社/2018-10-25/36.80元,7.6,(418人评价)
经久,静水边/江苏凤凰文艺出版社/2019-9/39.80元,8.2,(174人评价)
表弟凶猛,巫哲、左萱/凌雲工作室/2013-8/NTD700,6.4,(324人评价)
六爻,Priest/北京时代华文书局有限公司/2019-6/55.00元,8.6,(330人评价)
大璫 (上),童子/威向/2017-7-19/NT280,8.7,(1149人评价)
やたもも,はらだ/竹書房/2014-8-16/JPY710,8.7,(494人评价)
解藥,巫哲、秘密報社/平心工作室/2019-2-14/NTD1320,7.8,(874人评价)
成功者的肖像,天籁纸鸢/先见出版公司/1993-06-22/180.00,9.1,(2495人评价)
四代目．大和辰之,スカーレット．ベリ子/江荷偲/東立/2016-4-17,7.6,(244人评价)
夜色深处,淮上,6.8,(320人评价)
我的一个朋友,孔恰/留守番工作室/2013-5/78.00元,8.7,(946人评价)
兄弟限定! 第1卷,如月弘鹰/角川书店/2005年4月1日/560日元,7.4,(343人评价)
我开动物园那些年 完结篇,拉棉花糖的兔子/新星出版社/2020-5-26/49.80元,8.8,(85人评价)
S.C.I.謎案集,耳雅/平心工作室/2016-10-27/NTD300元,6.5,(512人评价)
Life 線上的我們,常倉三矢/東販/2018-8/NTD130,8.0,(193人评价)
魔道祖師,墨香銅臭/平心出版,7.4,(963人评价)
一受封疆,殿前欢/黑羽/2003-5-26/NTD230,7.4,(900人评价)
きみはもう噛めない,あさじまルイ/リブレ/2019-4-10/JPY712,7.0,(28人评价)
迪奧先生 VOL.02,綠野千鶴/威向有限公司/2018-10-31/NTD250,7.3,(581人评价)
當年萬里覓封侯 上,漫漫何其多/威向/2019-9/NTD380,7.3,(647人评价)
刺青,不問三九/威向/2019-9/NTD380,7.5,(617人评价)
我喜歡你的信息素 下,引路星/沒譜文化出版社/2020-2/NTD350,7.4,(193人评价)
撒野 四,巫哲、長樂(繪)/葭霏文創/2018-4/NTD330,9.1,(538人评价)
大璫 (下),童子/威向/2017-7-19/NT280,8.8,(808人评价)
圖靈密碼,非天夜翔、PSD/平心工作室/2019-1-10/NTD990,7.4,(691人评价)
優しいパンツの脱がせ方,まさき茉生/一迅社/2019-1-15/745円,6.9,(75人评价)
殺戮秀 1,狐狸、生铁落、FOX^^/威向/2019-1-31/NTD360,8.8,(292人评价)
捨てないでマイヒーロー,ひもだQ/リブレ/2017-12-9/JPY690,7.5,(109人评价)
魔道祖師番外集,墨香銅臭、千二百(繪)/平心出版/2020-3-16/TWD220,8.4,(73人评价)
君有疾否,如似我闻/槐安工作室/2020-5/HKD195,7.8,(254人评价)
無節操☆Bitch社 1 (限定版),おげれつたなか/東立/2016-8-19/NTD140,8.1,(259人评价)
北城天街,非天夜翔/木更工作室/2016-2/NT680.00,8.7,(1442人评价)
相见欢 上卷,非天夜翔/长江出版社/2017-3/38.00元,8.6,(1008人评价)
落池（上）,余酲/沒譜工作室/2019-9/NT$355,7.4,(206人评价)
落池（下）,余酲/沒譜工作室/2019-9/NT$355,6.6,(130人评价)
東京BABYLON (Vol. 1),CLAMP/劉錦秀/YESCOMICSLIMITED/1994/HK$38,8.6,(11206人评价)
不能动,风弄/威向/2006/02/20/NT180,7.7,(4348人评价)
助理建筑师,羲和清零/世界知识出版社/2017-10/35.00元,8.2,(614人评价)
空降熱搜,顏涼雨、貓樹/平心工作室/2019-2-14/NTD1650,7.5,(384人评价)
撒野 二,巫哲、長樂(繪)/葭霏文創/2018-4/NTD330,8.9,(743人评价)
藍宇,北京同志/東販出版社/2002-1/新台币240元,8.4,(7343人评价)
青龍侍 上,月佩环/威向/2012-8-13/NT190,5.9,(30人评价)
衝動,いさき李果/KADOKAWA/2015-7-1/JPY648,6.2,(43人评价)
无羁,墨香铜臭/四川文艺出版社/2018-12/48.00,8.5,(11574人评价)
蝴蝶的叫喊,薇諾拉/墨扉/2019-11/NTD580,8.5,(77人评价)
犯罪心理5,长洱/江苏凤凰文艺出版社/2018-12/36.8,7.3,(381人评价)
我家戀愛好麻煩,おわる/東立/2017-12-6/NTD140,7.4,(200人评价)
卒業生−春−  ＥＤＧＥＣＯＭＩＸ,中村明日美子/茜新社/2010/1/¥650（本体：¥619）,9.5,(2826人评价)
赤い糸の執行猶予,吉尾アキラ/コアマガジン/2017-1-25/JPY710,6.7,(74人评价)
惡德之褥,中原一也/角川/2013-1-28/160,6.6,(121人评价)
抖S幽魂不讓我睡-02,朱鷺紫羽、ときしば/長鴻/2019-8-2/140NT,7.8,(55人评价)
竹木狼馬,巫哲、蜜琪/凌雲工作室/2015-3/NTD1120,8.2,(428人评价)
设计师,常叁思,8.8,(506人评价)
拥抱春天的罗曼史,新田祐克/远方出版社/2004,8.6,(2211人评价)
哥哥,はらだ/尖端/2018-6-1/NTD150,8.0,(322人评价)
民国遗事1931,尼罗,8.0,(289人评价)
鳴鳥不飛(03),ヨネダコウ/尖端/2015-8-7,9.4,(513人评价)
10 count (第1集),宝井理人/趙秋鳳/東立/2014-8-6/NT$130,8.5,(872人评价)
六爻,Priest/北京时代华文书局/2019-3/55.00元,8.7,(309人评价)
"Ten Years, Exhausted Love",无仪宁死/ViaLactea/2019-3-10/$27.99,6.5,(767人评价)
一生孤注掷温柔,阿堵/听雪夕照轩/2010-5/300,8.7,(1672人评价)
针锋对决（中）,水千丞/威向/2014-9-10/NT240,7.4,(699人评价)
小白杨（5）,水千丞/威向/2015-3-25/NT240,7.2,(458人评价)
我讓最想被擁抱的男人給威脅了 (第2集),桜日梯子/陳姿君/東立/2015-6-12/NT$130,8.0,(158人评价)
誘春,吉田珠姫、笠井あゆみ/二見書房/2015-2-23/JPY710,,(65人评价)
那是不能吃的,小石川あお/晨星/110,7.1,(194人评价)
那個也想做、這個也想要。,文川じみ/東立/2017-6-21/NT130,6.3,(79人评价)
竹木狼马,巫哲/フロンティアワークス/2009-7-28/JPY5091,8.0,(820人评价)
十里红莲艳酒,天籁纸鸢/旺福資訊/2011-2-10,8.1,(1909人评价)
歲月間（上）,靜水邊、yk-u/威向/2015-9-16/NT240,7.8,(370人评价)
金牌助理,非天夜翔/云南美术出版社/2015-9/39.00元,7.4,(683人评价)
鳴鳥不飛(02),ヨネダコウ/藤崎スグル/尖端/2014-7-21/NT$150,9.4,(650人评价)
弁而钗,（明）心月主人/台湾大英百科/2000,8.2,(99人评价)
妖色小周,小周123/倍乐文化/2006-06-17/20.00,8.6,(2204人评价)
魔道祖師 四,墨香銅臭、千二百(繪)/平心出版/2019-10-3/TWD330,8.9,(122人评价)
無節操☆Bitch社 2,おげれつたなか/東立/2017-8-9/NT140,8.4,(205人评价)
臣服（上）,墨青城/威向/2015-1-21/NT220,7.4,(130人评价)
即使如此，依然溫柔地相戀,ヨネダコウ、攻鐵/尖端/2015-7-31/NT150,8.8,(160人评价)
黑貓男友的撒嬌方法,左京亞也/瓜子/長鴻出版社/2014-2/NT140元,8.2,(262人评价)
Ｊの総て ２,中村明日美子/太田出版/2005-5-17/JPY1000,9.4,(1278人评价)
喪病大學 一,顏涼雨、PSD/平心工作室/2018-2-22/NTD330,8.3,(292人评价)
针锋对决（下）,水千丞/威向/2014-9-10/NT240,7.3,(805人评价)
谢长留,菖蒲/三叶草/2004/NT160,8.0,(3506人评价)
年下男友的甜蜜威脅,相葉キョウコ/台灣角川/2016-4-27/NT120,6.7,(47人评价)
麒麟之生死與共,桔子樹/宇河文化出版有限公司/2011-7-5/NT$238,9.4,(2551人评价)
小白杨（2）,水千丞/威向/2015-2-11/NT240,7.9,(595人评价)
無法觸碰的愛,ヨネダコウ/紙屋/尖端/2009-6-6/NT130,9.0,(788人评价)
滿城衣冠 一,金十四釵、七十二變四/葭霏文創/2018-9/NTD300,8.3,(144人评价)
无双·上,梦溪石/中国致公出版社/2019-8-1/38,7.7,(107人评价)
附加遗产-下,水千丞/广东旅游出版社/2019-6/36.80元,6.5,(317人评价)
桃花债(下),大风刮过/威向/2008-02-20,8.5,(3937人评价)
トモダチ以上のこと、シたい。,倉橋トモ/竹書房/2015-11-30/JPY680,7.0,(159人评价)
ロマンティック上等,森世/ふゅーじょんぷろだくと/2015-9-24/JPY729,7.6,(212人评价)
入戏,童子,8.1,(1206人评价)
戀上泳裝學長 (全),佳門サエコ/角川/2012-2-27/120,6.6,(94人评价)
鬼畜眼鏡,TAMAMI、Spray/黄盈琪/角川洲立出版/2008/11/22/NT＄180/HK＄50,7.7,(836人评价)
有種你再撞一下,巫哲、夜襲/凌雲工作室/2014-2/NTD760,7.3,(316人评价)
醉死当涂,薇诺拉/世界知识出版社/2017-4/30.00元,7.6,(558人评价)
鳴鳥不飛(05),ヨネダコウ/尖端/2018-6-15/NTD150,9.7,(332人评价)
白日夢之家,吃素/留守番/NTD680,8.2,(100人评价)
限定男友的攻陷方法,御子柴トミィ/韓珮/東立/2015-7-1/NT130,6.2,(37人评价)
千秋（套装共两册）,梦溪石/长江文艺出版社/2016-10/59.80元,8.3,(408人评价)
嫁入高门的男人,彻夜流香/鲜欢文化,7.5,(607人评价)
小白杨（3）,水千丞/威向/2015-3-25/NT240,7.8,(444人评价)
歧路,脉脉、渥丹/甘肃人民美术出版社/2012-1/26.80元,8.6,(1362人评价)
殺戮秀 3,FOX^^、狐狸、生铁落/威向/2019-1-31/NTD360,8.8,(161人评价)
无根攻略,殿前欢/甘肃人民美术出版社/2012-12/36.80元,8.6,(1368人评价)
見手青,Funny2333/沒譜工作室/2019-11/NTD345,8.8,(53人评价)
DRAG-LESS SEX 不藥性愛,エンゾウ/東立/2017-8-2/NT130,7.1,(142人评价)
VOID－寂寞的快感－,座裏屋蘭丸/平川遊佐/尖端/2016-12-16/NT250,8.6,(374人评价)
折枝,困倚危楼/世界知识出版社/2016-7/29.8,7.4,(510人评价)
浮光,渥丹/云南人民出版社/2009年8月/28.80元,8.5,(2980人评价)
恋愛妄想中,桜庭ちどり/芳文社/2012-8-29/JPY630,6.5,(63人评价)
麒麟之快意人生,桔子樹/宇河文化/2011-9-10/TWD280,9.4,(2177人评价)
无双·下,梦溪石/中国致公出版社/2019-11/38,8.2,(52人评价)
ご利用は計画的に,にやま/竹書房/2017-11-7/JPY702,8.4,(188人评价)
金牌打手,泡泡雪兒、何何舞/凌雲工作室/2018-3/NTD1100,7.6,(188人评价)
貓科男友的逗弄方法,左京亞也、右京禮音/台灣長鴻出版社/2012-11-2/NT$140,7.4,(144人评价)
六爻,Priest/北京时代华文书局/2018-8/55.00元,8.7,(502人评价)
给校草当假男友的日子,羲和清零,6.9,(115人评价)
天宝伏妖录 卷一,非天夜翔/羊城晚报出版社/2018-6/46.00元,8.0,(454人评价)
難以捉摸的可愛甜心,おわる/東立/2019-7-31/140NT,7.1,(52人评价)
エレベーター・ストラテジー,春之/祥伝社/2018-2-24/JPY702,7.6,(35人评价)
世界第一的初恋,中村春菊/精品堂/12.80元,9.0,(1798人评价)
张公案,大风刮过/新世界出版社/2014-4-1/CNY32.00,8.1,(2560人评价)
弁而釵,(明)醉西湖新月主人/基本書坊/2008年9月15日,7.4,(390人评价)
就是要我的傲慢上司,天城れの/東販/2013-4-24/130,7.1,(96人评价)
撒野 五,巫哲、長樂(繪)/葭霏文創/2018-4/NTD330,9.1,(553人评价)
囀る鳥は羽ばたかない 1,ヨネダコウ/大洋図書/2013-1-30/JPY680,9.5,(1212人评价)
你怎么能这样我们只是兄弟啊,何以解忧//江苏文艺/2018-05-01/36.8,7.2,(509人评价)
見雪深,Funny2333/沒譜文化出版社/2020-1/NTD350,8.4,(24人评价)
明日星程,金刚圈/田文文创/2020-5/NTD760,7.4,(35人评价)
无双·中,梦溪石/中国致公出版社/2019-11/38,8.4,(51人评价)
喝下媚藥的哥哥盯上了我的XX!? 1,えい吉/東立/2017-2-8/NT130,,(22人评价)
麒麟·戰爭之王·海外護航,桔子樹/宇河文化/2013-2-1/NTD360,9.4,(1012人评价)
小白杨（4）,水千丞/威向/2015-3-25/NT240,7.4,(438人评价)
療傷遊戲 上,日ノ原巡/東立/2019-4-3/NTD195,8.4,(192人评价)
六爻,Priest/北京时代华文书局/2018-11/55.00元,8.4,(402人评价)
定海浮生录 壹,非天夜翔/长江出版社/2019-11/39.80元,8.1,(127人评价)
ショタ+カレシ-はじめての弟-,アンソロジー/ふゅ～じょんぷろだくと/2018-3-24/JPY999,7.8,(少于10人评价)
黑貓男友的寵愛方法 1,左京亜也/长鸿出版社/2015-2-14/140元,8.9,(145人评价)
戀愛暴君 3,高永ひなこ/台湾东贩/2007/NT.120,7.4,(1198人评价)
识汝不识丁,酥油饼/世界知识出版社/2016-10-1/79.00元,7.2,(645人评价)
さよなら恋人、またきて友だち,yoha/ふゅーじょんぷろだくと/2015-10-24/JPY729,8.2,(169人评价)
歡迎來到噩夢遊戲 I 上,薄暮冰輪、千二百/平心工作室/2017-12-11/NTD330,7.8,(220人评价)
太子 1,风弄、王一/威向文化/2009/03/19/NT190,8.0,(1478人评价)
歌舞伎町ご指名♂挿入ります!,三川ケイヤ/ブライト出版/2019-2-22/JPY750,6.8,(22人评价)
不疯魔不成活,微笑的猫/长江文艺出版社/2017-7/42.8,8.7,(899人评价)
鳴鳥不飛(04),ヨネダコウ/藤崎スグル/尖端/2017-2-3/NT150,9.6,(405人评价)
走狗,卡比丘/威向/2018-10-31/NTD300,7.0,(310人评价)
男僕先生和鬼畜漫畫家,天城れの/菁点/2011-2/NT120,6.2,(28人评价)
满天风雨下西楼,衣冠禽兽,8.6,(433人评价)
クロネコ彼氏の甘え方,左京亜也/新書館/2013-9-30/JPY630,8.0,(198人评价)
阎王,千江月/普天出版社/2012-10-29/NTD280,7.3,(583人评价)
被囚禁的男人,风之羽/龙马/2006-06-02,5.9,(55人评价)
麒麟之兵天血地,桔子树/宇河文化/2011-9-10/280台币,9.5,(1943人评价)
辦公桌上的美味上司,天一、Leila/威向/2017-11-8/NTD240,7.6,(少于10人评价)
雙子男友雙倍的愛,世尾せりな/尖端/2019-7-16/NTD140,8.2,(29人评价)
謀殺始於夏日,它似蜜/沒譜/2019/NTD964,8.1,(45人评价)
積極之戀,はらだ/東販/2017-4-15/NT140,8.7,(183人评价)
圣传,CLAMP/角川書店/1990-2-10/4.20X10,8.5,(10532人评价)
相见欢 下卷,非天夜翔/长江出版社/2017-7/38.00元,8.3,(644人评价)
归途,蓝淋/威向/2005-10-05,9.1,(2825人评价)
PRIDE 上,田亀源五郎/古川書房/2004-10/JPY1234,8.8,(277人评价)
魔道祖師 二,墨香銅臭、千二百(繪)/平心出版/2019-10-3/TWD330,7.7,(115人评价)
金牌助理(上),非天夜翔、貓樹/平心/2014-12-10/NTD300,7.6,(929人评价)
イケショタになら抱かれたい,よし、雨季野、ogr、一文字はや子、鴈方ひのの、まぼろ志、笑平、百合原明、sawaco、椋太郎、野崎つばた/ふゅーじょんぷろだくと/2018-1-24,,(26人评价)
残次品：完结篇,Priest/江苏凤凰文艺出版社/2019-1/85.00元,8.8,(591人评价)
王子病的春天·下,非天夜翔、绘者：腐狸/凌雲工作室/2013-3/NT$370,8.6,(658人评价)
日落大道,卡比丘/沒譜文化出版社/2020-6/NTD340,8.4,(44人评价)
桃色性感カルテ,柚摩サトル/ジュネット/2012-3-31/JPY680,6.6,(28人评价)
テンカウント(1),宝井理人/新書館/2014-3-29/JPY630,8.0,(574人评价)
极乐飨宴,西村しゅうこ/典亚/2006/02/25,5.8,(27人评价)
純情的甜食情人,北上れん/尚禾/2009,7.2,(54人评价)
第三支玫瑰,葭菲文创/2019-10/NTD350.00,8.0,(68人评价)
殺戮秀 2,FOX^^、生铁落、狐狸/威向/2019-1-31/NTD360,8.9,(152人评价)
想起我叫什么了吗,漫漫何其多,7.0,(442人评价)
先生はそんなこと教えてない!,練馬zim/大都社/2015-1-13/JPY720,7.0,(20人评价)
奥様はα,夏下冬/ふゅ～じょんぷろだくと/2018-4-24/JPY729,8.1,(153人评价)
稔醫生的手,スカーレット．ベリ子/江荷偲/東立出版社有限公司/2016-4-17,7.4,(138人评价)
少年の境界 1,akabeko/リブレ/2017-7-10/JPY690,7.7,(197人评价)
终极往事,香龙血树/待定/2007/20,9.0,(1074人评价)
失控系列之花心纯属爱,七颜颜/龙马文化/2011-1-26/NT190,6.7,(37人评价)
错觉 (上),蓝淋、藍淋/鲜欢文化/2009/3/10/台幣：190元,8.4,(1865人评价)
我讓最想被擁抱的男人給威脅了 5,桜日梯子/東立/2018-9-5/NTD130,8.5,(93人评价)
宜春香質,(明)醉西湖新月主人著/基本書坊/2008年12月15日/NT$270,7.0,(257人评价)
Fuck buddy－ファックバディ－,ひなこ/ふゅーじょんぷろだくと/2018-5-24/JPY756,8.2,(194人评价)
Coyote 郊狼 Ⅰ,座裏屋蘭丸/東立/2017-5-26/NT140,8.7,(312人评价)
王子の箱庭,緒川千世/大洋図書/2012-4-26/JPY680,7.8,(568人评价)
我都听你的,睡芒、魅丽文化/广东旅游出版社/2020-4/38元,7.0,(18人评价)
职业替身（中）,水千丞/威向/2013-11-13/NT240,7.1,(597人评价)
滿城衣冠 二,金十四釵、七十二變四/葭霏文創/2018-9/NTD300,8.9,(107人评价)
在黑暗中,金十四钗/百花洲文艺出版社/2020-1/38.80元,7.2,(47人评价)
偽裝學渣,木瓜黃/威向/2019-5-30/NTD380,7.7,(534人评价)
穆然,孤君,6.7,(466人评价)
无声深处,赭砚/威向文化/2003.10.20/180元,8.3,(2335人评价)
满城衣冠,,7.6,(290人评价)
第十年,郑二/零壹工作室/35.00,8.8,(1388人评价)
未名湖畔的爱与罚,逆旅主人/1900,8.6,(735人评价)
歲月間（下）,靜水邊、yk-u/威向/2015-9-16/NT240,7.6,(236人评价)
JACKASS!,スカーレット・ベリ子/郭名珊/東立/2017-1-11/NT140,8.7,(317人评价)
祕愛色譜 (1),はらだ/蔡孟婷/台灣角川/2016-11-17/NT130,8.6,(223人评价)
王子病的春天 上,非天夜翔作、腐狸繪/凌雲工作室/2013-3/NT$370,8.5,(889人评价)
夜與朝之歌,はらだ/黃盈琪/東販/2017-2-6/NT140,7.0,(181人评价)
b-Boy HONEY (1)~乳首特集,大和名瀬、池玲文、環レン、千歳ぴよこ、日向せいりょう、笹村剛、かゆまみむ、和泉棒子、陸奥、小嶋ララ子/リブレ出版/2009年11月30日/940円(税込),6.5,(164人评价)
杀青,天下溪/中国华侨出版社/2016-2-19/CNY32.80,8.0,(475人评价)
九宗罪之心理实验,Priest/作家出版社/2014-6/35.80元,7.1,(709人评价)
眼中星,蓝淋/北京时代华文书局/2017-12-1/CNY35.00,6.5,(93人评价)
憂鬱之朝(08),日高ショーコ/尖端/2019-9-27/140NTD,9.5,(56人评价)
被写界深度 上,苑生/大洋図書/2017-9-1/JPY770,9.2,(152人评价)
巴甫洛夫的狗（全两册）,极川/没谱工作室/2019-12/NTD660,8.2,(38人评价)
銅錢龕世 上卷,木蘇里、山魂(繪)/葭霏文創出版社/2018-4/NTD330,7.7,(130人评价)
銅錢龕世 下卷,木蘇里、山魂(繪)/葭霏文創出版社/2018-4/NTD330,7.3,(115人评价)
好生開車,羅再說/墨扉/NTD650,7.8,(63人评价)
警官，借個膽愛你,香小陌、広/凌雲工作室/2015-7/NTD930,8.1,(125人评价)
Killing stalking: 4,Koogi/EdizioniBD/2017-11-16,9.4,(206人评价)
奢侈品男人,桔子树/云南人民出版社/2008-11/26.80元,7.7,(3638人评价)
喪病大學 四,顏涼雨、PSD/平心工作室/2018-2-22/NTD330,8.5,(141人评价)
黑貓男友的溢愛方法 1,左京亞也、左京亜也/長鴻/2016-2-16/NT140,8.2,(67人评价)
相思门,菖蒲/接力出版社/2006-1-1/16.8,8.4,(2411人评价)
弟弟就愛騷擾我,魚ともみ/東立/2018-2-7/NTD130,7.6,(52人评价)
炮楼,巫哲/世界知识出版社/2017-12-1/CNY35.00,7.5,(217人评价)
锦衣卫,非天夜翔/崇文书局/2014-12/50.00元,7.8,(863人评价)
愛に血迷え!,日塔てい/東京漫画社/2015-6-30/JPY700,7.0,(47人评价)
七爷,priest/2013,7.5,(870人评价)
唇诺,冠盖满京华/大道出版社/2007/68.00,8.4,(2181人评价)
不离2,西子绪、白马时光出品/百花洲文艺出版社/2019-11/45元,6.5,(41人评价)
一觉醒来听说我结婚了,木瓜黄,6.8,(121人评价)
濯纓（上卷）,唐酒卿/墨扉/2019-11/NT$300,8.4,(26人评价)
有药,七英俊/长江出版社/2016-12/35.00元,8.0,(431人评价)
恋人们的森林,（日）森茉莉/谢同宇/译林出版社/2016-11/38.00,6.7,(486人评价)
戀人再見、朋友歡迎再來,yoha/東立/2018-10-9/NTD140,6.8,(32人评价)
俺のパンツが人質にとられています,春田/一迅社/2016-3-15/JPY734,7.8,(109人评价)
思凡,公子欢喜/龙马/2007-07-20,8.0,(3203人评价)
軍區大院,泡泡雪兒、広/凌雲工作室/2015-7/NT550,8.1,(294人评价)
異国色恋浪漫譚,やまねあやの/コアマガジン/2003/04/JPY680,8.2,(579人评价)
只有花知道(01),寶井理人/賴芯葳/尖端/2011-10-25/NT120,8.9,(1264人评价)
保健室のヒミツ,日羽フミコ/徳間書店/2012-8-25/JPY650,6.8,(43人评价)
格差天堂1,緒川千世/陳姿君/東立出版社/2015-8-6/NT130元,7.7,(303人评价)
MODS—乞愛之徒—,ナツメカズキ/尖端/2017-7-28/NT150,7.9,(145人评价)
クロネコ彼氏のアソビ方,左京亜也/新書館/2012-9-29/JPY630,8.3,(406人评价)
ケダモノアラシ-kiss me baby!,黒井モリー/海王社/2019-3-9/JPY745,6.4,(少于10人评价)
按捺不住的浪蕩男,南条つぐみ/郭名珊/NT130/2015-12-30,7.8,(37人评价)
非卖品,蓝淋/鲜欢文化有限公司/08/09/2006/190元,7.2,(3472人评价)
妓楼の軍人,犬飼のの、笠井あゆみ/幻冬舎コミックス/2015-2-17/JPY626,6.9,(70人评价)
非職業半仙,拉棉花糖的兔子/平心出版/NTD1320,6.5,(77人评价)
奪夢,非天夜翔/平心出版/NTD1980,7.2,(109人评价)
グルメのふくらみ,赤星ジェイク/東京漫画社/2016-11-4/JPY720,8.4,(57人评价)
四代目・大和辰之,スカーレット・ベリ子/新書館/2015-7-30/JPY680,8.0,(480人评价)
一銀幣一磅的惡魔,星河蛋撻/留守番工作室/2017-12/NT350,9.3,(153人评价)
夺锋,黑水白山/世界知识出版社/2017-4/35.00元,8.1,(122人评价)
アオイトリ,木原音瀬、峰島なわこ/リブレ/2020-1-17/JPY979,8.6,(42人评价)
哇!今夜哪里有鬼!,黯然销混蛋/重庆出版社/2007-1/22.00元,8.6,(1897人评价)
ボーイミーツマリア,PEYO/フランス書院/2018-11-28/JPY756,9.2,(96人评价)
不可抗力 上,藍淋/鮮歡/2005年06月02日/NT$180,7.9,(3028人评价)
我要這盛世美顏有何用,拉棉花糖的兔子/平心工作室/2020-6/NTD330,7.8,(19人评价)
请别太过分,ねこ田米藏/晨星/NT100,8.0,(768人评价)
牧神的午后,于睫/單行道同人誌/2005年7月29日/新台幣180元,7.9,(1626人评价)
簪纓問鼎 一,捂臉大笑/葭霏文創/NTD330,8.7,(28人评价)
酔いどれ恋をせず,橋本あおい/新書館/2017-9-1/JPY680,7.1,(38人评价)
格差天堂2,緒川千世/陳姿君/東立/2016-11-9/NT130,7.4,(143人评价)
相见欢 中卷,非天夜翔/长江出版社/2017-5/38.00元,8.8,(430人评价)
薔薇くい姫・枯葉の寝床,森茉莉/講談社/1996-7-10/987円,6.9,(少于10人评价)
陳傷（全套）,回南雀/沒譜文化出版社/2020-2/NTD670,8.0,(45人评价)
捨てないでマイヒーロー 2,ひもだQ/リブレ/2019-7-10/JPY712,7.6,(21人评价)
과호흡,"뿡빵뀨/디앤씨미디어/2018-10-5/KRW26,800",8.3,(72人评价)
鳳于九天之一魂落西雷,风弄/威向文化/2004-01-28,8.3,(2084人评价)
ＲＥＶＥＲＳＥ,ゆいつ/コアマガジン/2018-12-25/JPY720,8.6,(81人评价)
有休オメガ,藤峰式/ふゅーじょんぷろだくと/2019-3-25/JPY756,7.5,(67人评价)
閉上眼睛也能看見光,丸木戸マキ/尤靜慧/東立/2018-9-19/NTD130,8.4,(56人评价)
血咒聖痕 1,黒乃奈々絵/李韋葶/東立/2006-9-6/NT$95,8.9,(761人评价)
乱世为王（上卷）,顾雪柔/浙江人民美术出版社/2014-6-1/32.00元,8.7,(1316人评价)
セラピーゲーム 下,日ノ原巡/新書館/2018-12-28/JPY680,7.6,(78人评价)
兄弟限定! 2,如月弘鷹/角川書店/2007/03/588,7.6,(204人评价)
GIVEN 被贈與的未來(03),キヅナツキ/尖端/2018-5-11/NTD140,9.5,(113人评价)
ドラッグレス・セックス,エンゾウ/竹書房/2016-8-27/JPY702,7.4,(119人评价)
小神仙(上下),吕天逸/世界知识/2017-05-01/59.8,7.2,(180人评价)
入戲(上),童子、木言/威向/2017-6-7/NT300,9.0,(31人评价)
世界上的另一个我,徐徐图之/长江出版社/2018-12/36.80元,6.8,(201人评价)
探索者的俘虜,やまねあやの/東販/2018-4-23/NTD140,8.8,(46人评价)
Coyoto郊狼 II,座裏屋蘭丸/東立/2018-12-26/NTD180,9.2,(160人评价)
御者（全三册）,折一枚針/沒譜文化出版社/2019-12/NTD939,8.3,(25人评价)
前夫高能,絕世貓痞/威向/2018-11,7.1,(97人评价)
空與原(全),中村明日美子/紙屋/尖端出版/2012-9-24/NTD150,9.0,(610人评价)
不离,西子绪/百花洲文艺出版社/2019-10/45.00元,6.5,(148人评价)
悍匪,香小陌、広/凌雲工作室/2014-2/NTD1280,6.2,(147人评价)
浮声记,渝州夜来/24.0,8.6,(117人评价)
Tempo Tango,吐維/留守番/2013-4/300元,9.2,(169人评价)
キューピッドに落雷 追撃,鈴丸みんた/東京漫画社/2019-11-29/JPY759,8.9,(46人评价)
純愛ドロップアウト,三坂ニウム/竹書房/2019-7-5/JPY702,8.0,(43人评价)
喪病大學 二,顏涼雨、PSD/平心工作室/2018-2-22/NTD330,8.1,(125人评价)
喪病大學 三,顏涼雨、PSD/平心工作室/2018-2-22/NTD330,8.2,(100人评价)
何以非凡 上,就醬、原若森/平心工作室/2017-2-9/NTD330,8.4,(27人评价)
没有来生,月下桑著作/世界知识出版社/2016-3-1/CNY98.40,8.7,(334人评价)
S.C.I.謎案集 第四季 04,耳雅、Ao-7/平心工作室/2018-12-14/NTD300,7.8,(78人评价)
離婚前後,喪心病狂的瓜皮/沒譜/NTD690,6.4,(86人评价)
课后辅导,靠靠/威向/2012-5-15/NTD190,7.2,(35人评价)
清明记,清朗/聿书馆文化/2006-06-16,8.4,(784人评价)
末日曙光Ⅱ,非天夜翔/湖南人民出版社/2013-10/25.80元,8.7,(609人评价)
麒麟·戰爭之王·浴血南珈,桔子樹/宇河文化/2013-2-1/NTD360,9.4,(1078人评价)
不期而愛 第一部,MAME、Kanapy、芝士餡蛋捲/天府泰劇/長鴻/2019-9-27/NTD320,7.7,(少于10人评价)
金牌助理(下),非天夜翔、貓樹/平心工作室/2014-12-10/NT300,5.2,(661人评价)
Killing stalking: 3,Koogi/EdizioniBD/2017-10-5,9.0,(183人评价)
療傷遊戲 下,日ノ原巡/東立/2019-4-3/NTD195,8.4,(146人评价)
俺の部下がエロい妄想をやめてくれない,背筋/笠倉出版社/2019-8-24/JPY756,7.6,(16人评价)
魔王 I,月下桑/世界知识出版社/2017-9/59.80元,7.7,(146人评价)
剪刀上的蘑菇,吐維(toweimy)/2009/264.00,8.6,(749人评价)
兎の森 1,苑生/大洋図書/2019-10-4/JPY759,8.8,(120人评价)
混音人生,孫黯/留守番/NT$750,8.2,(214人评价)
日出處天子1,山岸凉子/東立出版社/75元,9.4,(410人评价)
家長指引,卡比丘/葭霏文創/NTD150,6.6,(95人评价)
十里红莲艳酒2,天籁纸鸢/旺福/2011-3-11/190元,8.1,(642人评价)
十里红莲艳酒3,天籁纸鸢/旺福/2011-3-15/190元,8.1,(607人评价)
丑皇（上）,易人北/鲜欢文化/2009/190新台币,8.2,(1500人评价)
霍乱江湖（上）,北南/广东旅游出版社/2020-5/42.80元,8.9,(16人评价)
世界一初恋 ~小野寺律の場合2~,中村春菊/角川書店/2009/JPY588,9.1,(1333人评价)
龍圖案卷集（卷一）:斷頭刀,耳雅、椰汁/葭霏文創/2017-12-29/NTD250,8.4,(77人评价)
NTRえっち,春田/芳文社/2018-11-29/JPY670,7.1,(40人评价)
犹记多情,清静/威向/2005/08/19/NT180,8.6,(2033人评价)
歡迎來到BL研究社！,春田/尖端/2017-8-16/NT140,7.7,(76人评价)
缺月之犬,ウノハナ/皇子/尖端出版社/2016-7-1/150新台币,8.1,(43人评价)
香味的繼承 上,中村明日美子/東立/2017-2-22/NT130,9.2,(273人评价)
原来你在这里,D君/宁波出版社/2019-11/42.80元,8.3,(38人评价)
一刀春色,陈小菜/2012-2-6/240.00,7.7,(560人评价)
オールドファッションカップケーキ,佐岸左岸/大洋図書/2020-1-4/JPY803,9.3,(116人评价)
败絮藏金玉(上),酥油饼/湖南美术出版社/2013-11-20/25.00,8.2,(896人评价)
败絮藏金玉(下),酥油饼/湖南美术出版社/2013-11-20/25.00,8.3,(674人评价)
原始再来（上下册）,月下桑/世界知识出版社/2015-4-30/59.6元,8.3,(380人评价)
逆锋,水千丞/长江出版社/2018-9/36.80元,8.1,(255人评价)
晨曦 上,周而复始/威向文化/2007-07-05/(1)NT180(2)同人志型态出版,8.3,(2727人评价)
甜蜜的房间,[日]森茉莉/王蕴洁/译林出版社/2016-1/39.00,7.1,(530人评价)
ムカつく同僚とセフレになりました,U/竹書房/2017-10-7/JPY702,6.3,(33人评价)
天宝伏妖录 卷四,非天夜翔/羊城晚报出版社/2019-8/56.00元,8.2,(97人评价)
GIVEN 被贈與的未來(02),キヅナツキ/H/尖端/2016-11-23/NT130,9.0,(162人评价)
BANANA FISH 全19巻 (フラワーコミックス),吉田秋生/小学館/2003-09-10/JPY77.81,9.3,(421人评价)
少年嗜好やんちゃっ子スペシャル,モエールパブリッシング/2007/01,,(59人评价)
酷くしないで,ねこ田米蔵/リブレ出版/2007-1-10/JPY617,8.3,(417人评价)
無雙,夢溪石/平心出版/2019-8-12,7.7,(49人评价)
當外科醫生遇上內科醫生,立野真琴/東立/2013-3-14/130,7.0,(43人评价)
天王,天籁纸鸢/甘肃人民美术出版社/2011-12-8/29.80元,7.9,(1055人评价)
S.C.I.謎案集 第二季 01,耳雅、Ao-7/平心工作室/2017-3-2/NT300,6.8,(133人评价)
绝爱-BRONZE-,尾崎南/日本集英社-台湾东立/1999-03-05/NT$90,8.7,(2583人评价)
少年啊！要光耀耽美2,美樹麻樹/青文出版社/2009/NT120,8.7,(513人评价)
目を閉じても光は見えるよ,丸木戸マキ/ホーム社/2017-12-25/JPY745,8.1,(100人评价)
紅塵有幸識丹青,阿堵/留守番/2015-8/NTD680,8.1,(198人评价)
年下彼氏の恋愛管理癖,桜日梯子/竹書房/2013-7-17/JPY690,6.9,(265人评价)
それでも俺のものになる 1,高崎ぼすこ/KADOKAWA/2016-11-1/JPY648,7.4,(42人评价)
花瓶 上,困困/威向文化/2012-10-9/NT190,7.5,(246人评价)
筆直,七世有幸/威向/2019-5-15/NTD380,7.7,(29人评价)
西北有高楼 上,穆卿衣/木更工作室/2014-8/NT＄390,8.5,(299人评价)
一个钢镚儿,巫哲/北京燕山出版社/2019-8-1/35.00元,8.0,(224人评价)
九转丹砂,小周123/倍乐文化/2005-08,7.8,(905人评价)
GIVEN 被贈與的未來(04),キヅナツキ/尖端/2018-12-5/NTD140,9.7,(116人评价)
キミに眠る俺の罪,ミナカミ理玖/一迅社/2017-1-30/JPY734,,(20人评价)
鬼服兵團 01,顏涼雨、九月紫、kshnnn-奈奈/平心工作室/2016-8-17/NT330,7.7,(103人评价)
鬼服兵團 05,顏涼雨、九月紫、kshnnn-奈奈/平心工作室/2016-8-17/NT330,7.9,(45人评价)
鲜满宫堂,绿野千鹤/98.00元,8.1,(309人评价)
不离：大结局,西子绪、白马时光出品/百花洲文艺出版社/2020-1/45元,7.0,(55人评价)
六月の七星 1,カスカベアキラ/幻冬舎/2019-3-22/JPY748,8.5,(24人评价)
紳士的僕人 上,脂肪顆粒/平心工作室/2016-5-19/NT300,8.1,(115人评价)
写实派高糖,吕天逸/江苏凤凰文艺出版社/2019-2/36.80元,7.7,(85人评价)
你在夏日之中,古矢渚/東立/NTD150,8.9,(98人评价)
天鹅奏鸣曲,E伯爵/黄山书社/2011-6/28.00元,8.3,(855人评价)
岌岌可危,夏小正/没谱出版社/2019-9-28,7.7,(13人评价)
東京巴比倫(01),CLAMP/connie/東販/2009/06/24/130元,8.7,(788人评价)
消極之愛,はらだ/東販/2017-4-15/NT140,8.8,(226人评价)
脫處之路,那木渡/長鴻/2019-8-16/140NT,6.6,(49人评价)
枫霁,小乐,9.0,(232人评价)
緋色誘惑 1,山根綾乃/尖端/2006-3-13/NTD130,8.6,(25人评价)
殊途,蓝淋/威向/2005-10-05,8.4,(2450人评价)
悲惨大学生活(上),风弄/威向/2003-09-20,6.8,(1838人评价)
悲惨大学生活(下),风弄/威向/2003-09-20,6.8,(1544人评价)
我才不會喜歡上你這種傢伙,緒川千世/張凱倫/尖端/2014-8-4/NT$130,8.0,(211人评价)
國家一級註冊驅魔師上崗培訓通知 中,非天夜翔/2015-8-5/NT$330,8.6,(252人评价)
クリムゾン・スペル (3),やまねあやの/徳間書店/2009-3-25/JPY580,8.4,(145人评价)
镇魂·大结局,Priest/贵州人民出版社/2019-5/49.80元,8.8,(226人评价)
臣服（下）,墨青城/威向/2015-1-21/NT220,7.7,(80人评价)
愛在末路之境,水城雪可奈/曾雅伶/東販/2010/NT130,9.0,(189人评价)
鬼與天國 上,お吉川京子、阿賀直己/東立/2019-12-18/140元,8.9,(97人评价)
法外之徒,卡比丘/威向/2017-6-7/NT220,7.9,(398人评价)
制服侵略之浸淫蓝天,风夜昕/新月/2010/6/7,6.8,(72人评价)
マザーズ スピリット,エンゾウ/徳間書店/2015-11-25/JPY648,7.8,(206人评价)
王子病的春天·中,非天夜翔、繪者：腐狸/淩雲工作室/2013-3/NT370.00,8.5,(533人评价)
Zetsuai 01,尾崎南/NinaOlligschläger/CarlsenVerlagGmbH/2000-11/JPY9.75,8.5,(5674人评价)
堕トシ合イ,もづ九/三交社/2019-12-25/JPY737,7.7,(21人评价)
10 count (第3集),宝井理人/趙秋鳳/東立/2015-9-2/NT$130,8.1,(362人评价)
最後的守衛（上）,Priest/威向有限公司/2015-12/50.00元,7.9,(179人评价)
查無此人,配菜太咸、梁酩/木更工作室/2017-8-10/NTD330,9.0,(82人评价)
微臣,公子欢喜/龙马/2007-12-28,7.9,(1897人评价)
暮云深,戎葵/江苏凤凰文艺出版社/2018-1/45.00元,8.7,(228人评价)
ドS秘書の激愛調教,くるわ亜希/オークラ出版/2012-11-12/JPY680,6.5,(27人评价)
Mother’s Spirit,エンゾウ/aitsae/東立/2016-4-13/NT130,7.7,(174人评价)
江山多少年 上,大风刮过/威向文化/2008-07-08,8.0,(1502人评价)
厄运缠身,风溯君,8.6,(124人评价)
探索者的羽翼,やまねあやの/東販/2018-3-21/NTD140,8.3,(50人评价)
優柔有情人 (2),水城雪可奈/IceBlue/晶采工作室發行/2009-11/NT160元,9.2,(192人评价)
夺锋2,黑水白山/世界知识出版社/2018-3/38.00元,8.9,(43人评价)
媚の凶刃 1,池玲文/リブレ出版/2014-5-10/JPY650,8.3,(105人评价)
飘洋过海中国船 上卷,非天夜翔/平心工作室/2014-2-5/70.00元,7.6,(322人评价)
乱世为王（下卷）,顾雪柔/浙江人民美术出版社/2014-6-20/32.00元,8.8,(771人评价)
恋をするつもりはなかった,鈴丸みんた/ホーム社/2019-9-25/JPY745,7.7,(74人评价)
≠ ノットイコール（2）,池玲文/リブレ出版/2012-1-10/630円,8.6,(217人评价)
被写界深度 下,苑生/大洋図書/2017-9-1/JPY730,9.2,(147人评价)
入戲(下),童子、木言/威向/2017-6-7/NT300,9.3,(48人评价)
你是不是关注我,吕天逸/世界知识出版社/2018-9/39.80元,8.4,(12人评价)
God of the Atoms,FranciesP.Xavier/MotilalUKBooksofIndia/2006/GBP6.50,9.0,(175人评价)
八田百田,はらだ/東販/2017-3-17/NT130,8.4,(258人评价)
ヤリチン☆ビッチ部 １,おげれつたなか/幻冬舎コミックス/2016-3-24/JPY734,8.4,(82人评价)
成化十四年：全集,梦溪石/北京联合出版有限公司/2019-10/156元,8.7,(20人评价)
兩小無嫌猜（①② 橫排版）,北南/威向有限公司/2019-8/TWD760,7.5,(148人评价)
为兄,困倚危楼/广东旅游出版社/2018-12/45.00元,7.1,(80人评价)
赤色劇場,緒川千世/尖端/2018-6-15/NTD150,7.8,(83人评价)
星期戀人(02)FRIDAY→SUNDAY,橘紅緒、寶井理人/熊次郎/尖端/2016-12-2/NT200,8.7,(85人评价)
青龍圖騰 第一卷,淮上、張壯壯(繪)、符殊(繪)/葭霏文創出版社/2017-12/NTD330,6.9,(294人评价)
S.C.I.謎案集,耳雅/平心工作室/2016-10-27/NTD300元,6.7,(204人评价)
童子手札,童子/威向/2018-10/NTD300,9.2,(86人评价)
憂鬱な朝 4,日高ショーコ/徳間書店/2012-7-25/JPY680,9.6,(501人评价)
保鑣,香小陌、広/凌雲工作室/2015-3/NTD1280,7.8,(56人评价)
属性SとM 愛の乳首クリップ編,彬りか/ジュネット/2012-1-31/JPY680,6.4,(18人评价)
ララの結婚 1,ためこう/リブレ/2018-10-10,7.1,(151人评价)
一分鐘教你人肉搜索,吐維/留守番/2016-12/NTD350,9.1,(172人评价)
一替成名,Superpanda、WEHIP/威向/2018-8/NTD380,6.4,(54人评价)
10 count (第2集),宝井理人/趙秋鳳/東立/2015-1-7/NT$130,8.5,(508人评价)
はじめては全部彼のご馳走,五月女えむ/竹書房/2017-1-7/JPY702,6.9,(29人评价)
抱かれたい男1位に脅されています。,桜日梯子/リブレ出版/2014-2-10/JPY660,7.0,(200人评价)
S.C.I.謎案集 第四季 01,耳雅、Ao-7/平心工作室/2018-9/NTD300,7.6,(73人评价)
S.C.I.謎案集 第四季 02,耳雅、Ao-7/平心工作室/2018-10-11/NTD300,7.6,(73人评价)
蜜の詰まった上司,佳門サエコ/芳文社/2008,6.6,(56人评价)
格差天堂 3,緒川千世/東立/2018-1-24/NTD130,8.1,(127人评价)
花都之中,寶井理人/熊次郎/尖端/2014-8-5/NT$130,8.8,(349人评价)
匠心,毛厚,8.2,(47人评价)
麒麟·戰爭之王·劫後重生,桔子樹/宇河文化/2013-2-1/NTD360,9.4,(1040人评价)
蝶と花の関係性,akabeko/竹書房/2017-2-7/JPY702,8.5,(119人评价)
薫りの継承(上),中村明日美子/リブレ出版/2015-8-10/JPY679,8.8,(401人评价)
八田百田 3,はらだ/東販/2017-8-14/NT130,9.1,(182人评价)
不期而愛 第一部,MAME、Kanapy、芝士餡蛋捲/天府泰劇/長鴻/2019-9-27/NTD320,,(14人评价)
八田百田 2,はらだ/東販/2017-8-14/NT130,9.1,(186人评价)
与时光擦肩而过,非天夜翔/百花文艺出版社/2016-6-1/56.8,8.5,(221人评价)
少年メイドクーロ君,柊柾葵/松文館/2005-11/JPY950,5.1,(59人评价)
夜谈蓬莱店,菖蒲/接力出版社/2005-8/14.80元,8.1,(1638人评价)
Killing stalking: 2,Koogi/EdizioniBD/2017-9-7,9.0,(258人评价)
生贄のお勤めは、,博士/一迅社/2019-12-13/JPY759,8.7,(49人评价)
帝师,来自远方/中国华侨出版社/2018-8/98.00元,7.1,(176人评价)
囀る鳥は羽ばたかない 3,ヨネダコウ/大洋図書/2015-6-1/JPY700,9.3,(251人评价)
把我變成壞孩子 01,灰田ナナコ/東立/2019-10-23/130NTD,7.0,(34人评价)
二零一三,非天夜翔、疾速k/凌雲工作室/2013-6/NTD1280,7.3,(197人评价)
捉迷藏HONEY,鳶田瀬ケビン/東立/2018-10-24/NTD130,6.7,(45人评价)
歡迎來到噩夢遊戲 II 上,薄暮冰輪、千二百/平心出版/2019-3-14/NTD330,7.6,(58人评价)
濯纓 （下卷）,唐酒卿/墨扉/2019-11/NT$300,8.2,(25人评价)
S.C.I.謎案集 第三季 01,耳雅/平心工作室/2017-9-4/NT300,6.8,(90人评价)
快感マッサージ,桜井りょう/リブレ出版/2013-12-10/JPY660,6.9,(26人评价)
鬼服兵團 03,顏涼雨、九月紫、kshnnn-奈奈/平心工作室/2016-8-17/NT330,7.8,(46人评价)
逐浪（上）,余酲/vialactea/CAD34.99,8.2,(少于10人评价)
繋いだ恋の叶え方,吉尾アキラ/コアマガジン/2020-3-3,8.5,(23人评价)
皇叔 上,大風颳過/威向/2012-1-10/NT190,8.6,(576人评价)
估算錯誤的心,緒川千世/張芳馨/東立/2013-7-31/NT$130,8.7,(623人评价)
情歌,控而已/溯年组/2017-11-18,9.1,(164人评价)
少年殘像,由貴香織里/猴/東立/2004-11-18/85元,9.0,(215人评价)
ワンルームエンジェル,はらだ/祥伝社/2019-3-25/JPY756,8.5,(267人评价)
天宝伏妖录 卷五,非天夜翔/羊城晚报出版社/2019-11/56.00元,7.4,(87人评价)
4P!,わかちこ/マガジン・マガジン/2017-6-29/JPY700,8.4,(32人评价)
向我开炮,大姨妈/2007-9-16,8.6,(1211人评价)
沉舟(3),楚寒衣青/凌雲工作室/2014-12/NT460,8.6,(189人评价)
昊天纪·御兽师,玄色/湖南人民出版社/2013-5-1/25.80元,7.4,(186人评价)
纽约纽约,罗川真理茂/大然出版社/1998-08-05,8.9,(2614人评价)
αがαを抱く方法,ときしば/三交社/2019-4-10/JPY724,6.6,(51人评价)
みっともない恋,森世/ふゅーじょんぷろだくと/2015-7-24/JPY729,7.2,(77人评价)
上赶着不是买卖,金大,7.7,(87人评价)
我讓最想被擁抱的男人給威脅了 4,桜日梯子/東立/2018-1-31/NTD130,7.8,(85人评价)
さよならアルファ,市梨きみ/リブレ/2017-7-10/JPY690,7.5,(90人评价)
浮世星光·重生,青罗扇子/金城出版社/2011-9-1/28.80元,8.2,(279人评价)
被雙胞胎兒子同時盯上了,佳門サエコ/李芝儀/青文/2015-7-18/NT130,7.1,(54人评价)
サラブレッドはなびかない,佐倉リコ/KADOKAWA/2019-10-15/JPY748,6.9,(22人评价)
江山多少年 中,大风刮过/威向/2008-07-08,8.0,(976人评价)
可以觸碰你的深處嗎,吉尾アキラ/東立/2018-11-21/NTD130,7.3,(72人评价)
穿著制服的那一天,中村明日美子/東立/2017-2-22/NT130,8.5,(131人评价)
戏精宿舍,龙妹（著)、芒果（绘）/文化发展出版社/2020-6-1/45,8.7,(94人评价)
黑貓男友的寵愛方法 2,左京亜也、左京亞也/长鸿出版社/2015-2-14/140元,8.1,(152人评价)
天庭出版集團 一,拉棉花糖的兔子、阿嘎/平心出版/2018-4-2/NTD300,8.3,(32人评价)
重生之名流巨星,青罗扇子/湖南文艺出版社/2012-3-25/29.80元,7.4,(1430人评价)
同学关系？,子雾啊/世界知识出版社/2016-8/38,7.6,(193人评价)
戀愛暴君 2,高永ひなこ/台湾东贩/2005/NT.120,8.8,(1148人评价)
還債,奶口卡/北美/2019,7.5,(少于10人评价)
漂亮朋友,卡比丘/没谱文化出版社/2020-6/NTD300,7.8,(18人评价)
泥中之蓮,ためこう/尤靜慧/東立/2016-12-21/NT130,7.8,(286人评价)
10 count 5,宝井理人/趙秋鳳/東立/2016-10-28/NT130,7.0,(232人评价)
ハングアウトクライシス,おわる/竹書房/2015-10-17/JPY710,8.4,(106人评价)
奴隸標記,はらだ/田心宇/尖端出版/2015-8-18,8.5,(238人评价)
歡迎來到噩夢遊戲 I 下,薄暮冰輪、千二百/平心工作室/2017-12-11/NTD330,9.1,(96人评价)
晚安梁逍,它似蜜/出格文化有限公司/HK$90,8.9,(24人评价)
恋する暴君 5,高永ひなこ/海王社/2009/6/10/630,8.6,(565人评价)
靛藍色的心情,丸木戸マキ/東立/2018-7-18/NTD130,8.6,(429人评价)
夜をわたる月の船,木原音濑/蒼竜社/2009年11月20日/税込価格：¥945（本体：¥900）,8.7,(766人评价)
GIVEN 被贈與的未來(01),キヅナツキ、刺伤/H/尖端/2016-11-23/NT130,7.7,(207人评价)
10 count (第4集),宝井理人/趙秋鳳/東立/2015-12-23/NT$130,7.4,(251人评价)
武林盟私密記事(上),林言、SUMMER/葭霏文創/2018-2-7/NTD300,8.7,(58人评价)
美童若旦那、恋慕ふは好色男,占地/講談社/2019-10-11/JPY792,7.4,(23人评价)
酌鹿,綠野千鶴/威向/2018-10,6.8,(141人评价)
男子宿舍的玩具 2,菊の助/東立/2016-9-27/NT130,9.5,(38人评价)
同級生,中村明日美子/陳家慧/尖端/2010-01/NT120,8.0,(711人评价)
你們男生打遊戲好厲害哦~,易修羅、PSD/平心出版/2018-8-9/NTD330,7.4,(121人评价)
鬼畜學長家的寄居情事,魚ともみ/東立/2013-4-19/130,7.2,(29人评价)
职业替身（下）,水千丞/威向/2013-11-13/NT240,7.1,(699人评价)
鯛代くん、君ってやつは。 1,ヤマダ/リブレ/2018-2-20/JPY679,8.8,(73人评价)
龍圖案卷集（卷十一）,耳雅、椰汁/葭霏文創/2018-10-5/NTD330,8.2,(21人评价)
非職業半仙 二,拉棉花糖的兔子、小黑豹/平心出版/2019-6-13/NTD330,8.8,(35人评价)
僕のおまわりさん 2,にやま/竹書房/2019-4-30/JPY713,8.6,(67人评价)
愛で痴れる夜の純情 花降楼シリーズ第二弾,鈴木あみ/白泉社/2004-10-16/JPY580,8.3,(214人评价)
考古手记,微笑的猫/长江文艺出版社/2016-4-15/38,7.9,(527人评价)
不醉不愛 1,橋本あおい/東立/2018-6-6/NTD130,7.6,(62人评价)
ポルノグラファー,丸木戸マキ/祥伝社/2016-5-25/JPY702,8.4,(407人评价)
贺新郎,公子欢喜/龍馬文化/2008/12/25/190,8.1,(1518人评价)
离开以后,郑二/零壹工作室/32.00,8.6,(740人评价)
小楼传奇,纳兰容若公子、老庄墨韩/百花洲文艺出版社/2008-04/23.8,8.2,(2516人评价)
囀る鳥は羽ばたかない 6,ヨネダコウ/大洋図書/2019-5-1/JPY720,9.5,(91人评价)
妻為上(上),綠野千鶴、喜喜果/威向/2015-10-14/NT240,7.3,(282人评价)
就是要欺負你,篁アンナ/東立/2017-3-8/NT130,5.5,(62人评价)
契子1 璧空篇,易修羅、ANTENNA牛魚/平心工作室/2016-8-17/NTD330,8.5,(172人评价)
沈黙の夜に…,鷹丘モトナリ/芳文社/2010-9-29/JPY650,6.0,(33人评价)
S.C.I.謎案集 第三季 02,耳雅、Ao-7/平心工作室/2017-10-13/NT300,7.5,(89人评价)
世界因你而轉動,緒川千世/陳姿君/東立/2013-8-15/NT$130,7.9,(221人评价)
金玉王朝 第一部 夺玉,风弄/威向/2010-10-12/NT190,8.3,(811人评价)
Gone With Yesterday,回南雀/vialactea/2019-8-17/CAD30.99,8.4,(47人评价)
择木而栖,卡比丘、EMO壹墨/威向/2017-9-13/NTD220,6.6,(186人评价)
めぐみとつぐみ,S井ミツル/竹書房/2018-10-17/JPY713,8.4,(169人评价)
キリング・ストーキング,クギ/フロンティアワークス/2019-9-20/JPY1026,9.3,(34人评价)
鬼服兵團 02,顏涼雨、九月紫、kshnnn-奈奈/平心工作室/2016-8-17/NT330,8.0,(53人评价)
鬼服兵團 04,顏涼雨、九月紫、kshnnn-奈奈/平心工作室/2016-8-17/NT330,8.2,(32人评价)
小羚羊與夜太狼 上,易修羅、夜夜襲魔/平心工作室/2016-7-11/NT330,8.3,(59人评价)
不可抗力 下,藍淋/鮮歡/2005年06月02日/NT$180,7.9,(2443人评价)
花のみぞ知る 2,宝井理人/大洋図書/2011-11-15/JPY650,9.0,(781人评价)
創造發明的思路,天籁纸鸢/先見,9.0,(1749人评价)
一個爹爹三個娃,风维/威向/2003-10-08/15RMB,8.1,(5002人评价)
叶わぬ恋の結び方,吉尾アキラ/コアマガジン/2018-9-3/JPY720,6.7,(61人评价)
想起我叫什麼了嗎 上,漫漫何其多/威向/2018-7/NTD300,5.8,(61人评价)
想起我叫什麼了嗎 下,漫漫何其多/威向/2018-7/NTD300,6.8,(53人评价)
あばれんぼハニー,鳶田瀬ケビン/ふゅーじょんぷろだくと/2015-9-24/JPY734,7.4,(114人评价)
PUBG世纪网恋（下）,酱子贝/ViaLacteaPublishing/2019-10-19,7.8,(21人评价)
燃心,金剛圈/威向/2019-10/95,6.6,(45人评价)
帝王攻略（番外）,語笑闌珊、張壯壯/葭霏文創/2018-3-30/NTD170,8.3,(67人评价)
德薩羅人魚,深海先生/龍馬文化/2015-4/NT700,7.4,(218人评价)
1人と一人の3650日,hitomi/竹書房/2020-2-7/JPY715,8.1,(27人评价)
PUBG世纪网恋（上）,酱子贝/ViaLacteaPublishing/2019-10-19,8.1,(31人评价)
MADK 1,硯遼/フランス書院/2018-5-28/JPY712,9.2,(166人评价)
飞来横犬,巫哲/千華/2005-3-10/NTD380,8.0,(601人评价)
我的飼養方法和叱責方法,かさいちあき/趙秋鳳/東立/2016-8-17/NT130,7.7,(42人评价)
別對我太壞,貓田米藏、ねこ田米藏/kreuz+/台灣角川/2016-2-2/NT130,8.5,(39人评价)
讀者和主角絕逼是真愛(一),頹/威向/2014-7-16/NT240,7.8,(217人评价)
天宝伏妖录 卷二,非天夜翔/羊城晚报出版社/2018-11/46.00元,7.8,(217人评价)
卒業生−冬− ＥＤＧＥＣＯＭＩＸ,中村明日美子/茜新社/２０１０．１/¥650（本体：¥619）,9.5,(2633人评价)
戀愛疏失,那木渡/長鴻/2019-8-16/140NT,7.7,(33人评价)
兄友弟攻(下),蓝淋/鲜欢文化,6.9,(1484人评价)
被一個不是自己男朋友的Alpha給完全標記了,洛玥淺/威向/2020-2/NT280,8.4,(少于10人评价)
K SIDE:BLUE,"古橋秀之(GoRA)(著),鈴木信吾(GoHands)(著)/講談社/2012-10-19",8.9,(101人评价)
簪纓問鼎 二,捂臉大笑/葭霏文創/NTD330,7.9,(17人评价)
Life 線上の僕ら,常倉三矢/芳文社/2017-4-28/JPY670,8.4,(157人评价)
僕のおまわりさん,にやま/竹書房/2017-8-30/JPY713,7.1,(143人评价)
意外事故,蓝淋/世界知识出版社/2016-4/29.80元,8.6,(316人评价)
探索者的目標,やまねあやの/東販/2018-1-23/NTD140,6.7,(90人评价)
策马天下-江東雙璧傳(香港中文版),柳宮燐/萬聯文化事業有限公司/2010.8/60HK,9.2,(94人评价)
緋色誘惑 3,山根綾乃/尖端/2010-10-16/NTD120,8.5,(13人评价)
緋色誘惑 4,山根綾乃/尖端/2011-10-18/NTD130,,(少于10人评价)
緋色誘惑 5,山根綾乃/尖端/2013-11-15/NTD130,8.7,(10人评价)
三角窗外是黑夜 1,山下朋子/趙聖媛/東立/2015-2-25/NT$130,8.2,(132人评价)
网游之演技一流（上、下）,酥油饼/1900,8.2,(536人评价)
爱在斯德哥尔摩,红之叶/鲜欢文化/2005-09-05,8.6,(227人评价)
等待花開時 1,日高ショーコ/光依/東立/2016-6-29/NT130,,(50人评价)
猎星者（全二册）,竹宴小生著、记忆坊出品、有容书邦发行/江苏凤凰文艺出版社/2019-12/76元,9.2,(27人评价)
恋の話がしたい,ヤマシタトモコ/ソフトライン東京漫画社/2008/11/18/650円,7.8,(513人评价)
漂洋日记,小杰/长江文艺出版社/2003-11-1/12.00,7.9,(213人评价)
長恨歌 上巻 蛇性の婬,山藍紫姫子/コアマガジン/１９９９．２/¥924（本体：¥880）,8.4,(259人评价)
勝者為王,蛇蠍點點/留守番/2018-11/NTD600,7.3,(53人评价)
烟灰,风弄/威向/2004-06-14,9.6,(1531人评价)
卒業生 冬,中村明日美子/尤楷茵/尖端出版社/2011-3-14/NT120,7.6,(306人评价)
与爱无关,风弄/威向/2004/12/12,8.1,(1069人评价)
有风鸣廊,彻夜流香、何何舞/花冠文化有限公司/15.00,8.9,(499人评价)
探索者的真相,やまねあやの、山根綾乃/東販/2018-5-18/NTD140,7.8,(44人评价)
獨占我的英雄,ありいめめこ/郭名珊/東立/2013-2-19/130,9.0,(195人评价)
囀る鳥は羽ばたかない 4 小冊子付限定版,ヨネダコウ/大洋図書/2016-9-30/JPY990,9.5,(144人评价)
はじめてはめちゃくちゃ激しい,佐々川かのこ/竹書房/2017-8-7/JPY702,7.8,(少于10人评价)
北京正午,暗夜行路/心手两忘/2006-04-18,8.4,(1426人评价)
國家一級註冊驅魔師上崗培訓通知 上,非天夜翔/平心工作室/2015-8/NT$330,8.3,(474人评价)
青楼绮情曲-禿篇,樹要/鈴木愛海/陸彩綾/尖端/NT120.00,8.0,(41人评价)
醉死當塗,薇諾拉/留守番/2019-5-13/NTD380,8.6,(55人评价)
HBL之死亡时间,阿彻/鲜欢文化/2006-03-03,5.6,(685人评价)
NIGHT MILK HEADS夜亂情迷,秋吉しま/東立/2018-8/NTD130,7.5,(18人评价)
被雙胞胎兒子同時盯上了(02),佳門サエコ/青文/2017-7-19/NT130,8.5,(22人评价)
失焦的深度 上,苑生/东立/2019-8-28/140NTD,8.9,(79人评价)
さようなら、と君は手を振った,木原音瀬/オークラ出版/2000/880円（含税）,8.2,(644人评价)
WEED,木原音瀬/リブレ出版/2007.05/945円（含税）,8.8,(417人评价)
在星空中的一隅,ハヤカワノジコ/青文出版社/2014-8-16/NT140元,7.9,(151人评价)
我要这盛世美颜有何用,拉棉花糖的兔子/花山文艺出版社/2020-7/42.00元,7.2,(少于10人评价)
江山多少年 下,大风刮过/威向/2008-07-08,8.6,(1045人评价)
恶魔的秘密,高永ひなこ/角川/2007-10-24,7.9,(326人评价)
不夜城,配菜太咸、梁酩/木更工作室/2017-8-10/NTD270,9.5,(80人评价)
迷林,陈星梅/凤凰出版社（原江苏古籍出版社）/2009-9/28.00元,7.7,(118人评价)
著魔,吳沉水/龍馬文化/2012-12-1/NT750,7.9,(80人评价)
春抄,殿前欢/晋江/25.00元,8.4,(209人评价)
YOUNG BAD EDUCATION,ダヨオ/祥伝社/2014-10-25/JPY669,8.1,(181人评价)
社員就是這樣被訓練出來的,魚ともみ/刻托/東立/2016-6-8/NT130,6.3,(32人评价)
≠ ノットイコール(1),池玲文/リブレ出版/2010年10月9日/630円（税込）,8.6,(510人评价)
凤于九天 之 威镇博间,风弄/架空之都/2004-01-28,8.5,(1174人评价)
ROMEO羅密歐 1,わたなべあじあ/陳姿君/東立/2017-5-12/NTD130,8.3,(171人评价)
ROMEO羅密歐 2,わたなべあじあ/王薇婷/東立/2017-11-8/NTD130,8.6,(125人评价)
別對我太壞plus+,貓田米藏、ねこ田米藏/kreuz+/台灣角川/2016-2-2/NT130,8.8,(28人评价)
世界一初恋～小野寺律の場合５～,中村　春菊/角川書店(角川グループパブリッシング)/2011-4-1/JPY588,9.2,(657人评价)
S.C.I.謎案集 第三季 03,耳雅、Ao-7/平心工作室/2017-11-9/NT300,6.9,(85人评价)
世界一初恋 ~小野寺律の場合3~,中村春菊/角川書店/2009/10/1/JPY588,9.2,(1028人评价)
舊夢,困困、WEHIP/威向/2017-8-16/NT240,7.8,(92人评价)
The Star Around the Sun Vol.1,金刚圈/vialactea/2019-7-20/34.99CAD,7.2,(48人评价)
クールドジ男子 1,那多ここね/スクウェア・エニックス/2019-6-22/JPY1080,8.3,(24人评价)
那些风花雪月,公子欢喜/龍馬出版社/2008-03-27,8.1,(1634人评价)
暗渡陳倉,卡比丘/田文文創/2019-9/TWD280,6.7,(55人评价)
狼親狽友之藏蛇臥鼠,恩顧、一幽/喵喵屋/2010/02/09,9.2,(451人评价)
不良童貞魔法少年,春田/東立/NTD140,7.3,(38人评价)
掌の檻,宮緒葵、座裏屋蘭丸/幻冬舎コミックス/2015-8-31/JPY940,7.8,(99人评价)
黃半仙·卷二,耳雅/蘊藏文化/2012-12/NTD210,7.9,(201人评价)
我爱摇滚乐,郑远涛/18.00,8.9,(3804人评价)
日常高潮,倫敦巴里子/青文/2018-10-15/NTD140,9.0,(26人评价)
如意蛋 下,大风刮过/威向/2009/12/08,8.1,(1403人评价)
聽見向陽之聲,文乃ゆき/尖端/2017-7-19/NT200,8.5,(162人评价)
遊びじゃないの,桜賀めい/芳文社/2007/6/29/590（税込）,7.5,(126人评价)
存在在誕生的瞬間,树要,7.3,(34人评价)
優柔有情人 (1),水城雪可奈/IceBlue/晶采工作室發行/2007-3/NT130元,9.0,(330人评价)
纸片恋人.上,楚寒衣青/敦煌文艺出版社/2020-2/48.00元,8.5,(少于10人评价)
成化十四年（卷二）,夢溪石、繪者：阿嘎/平心工作室/2016-2-18/NT$300元,8.7,(77人评价)
成化十四年（卷三）,夢溪石、繪者：阿嘎/平心工作室/2016-2-18/NT$300元,8.2,(77人评价)
成化十四年（卷四）,夢溪石、繪者：阿嘎/平心工作室/2016-2-18/NT$300元,7.0,(68人评价)
年下彼氏的戀愛管理癖2,桜日梯子/郭名珊/東立/2015-5-13/NT130,8.9,(60人评价)
千秋 一,夢溪石、山魂/葭霏文創/2018-10-26/NTD330,,(15人评价)
千秋 二,夢溪石、山魂/葭霏文創/2018-10-26/NTD330,9.0,(12人评价)
千秋 三,夢溪石、山魂/葭霏文創/2018-11-2/NTD330,,(12人评价)
千秋 四,夢溪石、山魂/葭霏文創/2018-11-9/NTD330,7.4,(12人评价)
桐花中路私立协济医院怪谈,南琅/广东旅游出版社/2019-12/42.00元,8.1,(197人评价)
歲月間,靜水邊/威向/2019-7/NTD600,8.8,(32人评价)
ふたりの息子に狙われています 4,佳門サエコ/新書館/2018-6-1/JPY680,5.7,(少于10人评价)
ふたりの息子に狙われています 3,佳門サエコ/新書館/2018-6-1/JPY680,9.1,(少于10人评价)
エッチするならパパ穴で,名原しょうこ/三交社/2018-8-25/JPY702,7.6,(27人评价)
昨日的美食 05,吉永史/尤楷茵/尖端漫畫/2012-9-18/NT$120,,(251人评价)
橙黄,风维/三叶草文化/2004-01,8.9,(905人评价)
다크헤븐,준쓰/레진코믹스/2019-4-2/72000원,9.1,(10人评价)
長恨歌 上 蛇性の婬,"山藍紫姫子/白夜書房/１９９４．４/¥1,223（本体：¥1,165）",9.4,(107人评价)
ＳＵＰＥＲ ＬＯＶＥＲＳ 第１巻,あべ　美幸/角川書店/2010-7-31/JPY588,8.7,(729人评价)
憂鬱な朝（5）,日高ショーコ/徳間書店/2014-1-25/JPY714,8.9,(231人评价)
纯情罗曼史,中村春菊/台湾角川/2004-3/44.00元,8.2,(1498人评价)
纯情罗曼史02,中村春菊/台湾角川/2004-7/44.00元,6.7,(756人评价)
龍圖案卷集(卷三)：醉心花索命案,耳雅、椰汁/葭霏文創/2018-1-2/NTD300,9.0,(30人评价)
あなたのしもべ,たりらびー/リブレ出版/2012-9-10/JPY660,8.9,(41人评价)
울프 인더 하우스 1 wolf in the house,"박지연/lezhincomics/2018-1-30/12,000원",8.6,(46人评价)
SEVEN DAYS MONDAY→THURSDAY,宝井理人、橘紅緒/尊龍出版社/2007/NT$105,9.0,(1758人评价)
安居樂業,夏灩兒、大刀灩、繪者：九月紫/日月草工作室/2013-6/NT$650,8.1,(186人评价)
鬼會笑嗎？,木村ヒデサト/尤靜慧/東立/2016-11-23/NT130,8.0,(72人评价)
天行轶事-壹,黑一/中国致公出版社/2013-4/10.00元,6.2,(123人评价)
向紅色綠寶石說再見 1,みちのくアタミ/東立/2018-5-23/NTD140,7.0,(71人评价)
你是我的全部 2,西田東/郭名珊/東立/2016-2-3/NT130,9.0,(12人评价)
仿佛清新氣息,永井三郎/菁點出版社/NT$120,9.3,(225人评价)
セク☆ツガ,さとまるまみ/ふゅーじょんぷろだくと/2019-3-23/JPY729,7.8,(11人评价)
相思门,菖蒲/百花洲文艺出版社/2016-11/59.80元,7.6,(82人评价)
アンチロマンス 1 特装版,日高ショーコ/幻冬舎コミックス/2020-3/JPY1210,9.4,(19人评价)
媚之凶刃(01),池玲文/青文/2016-1-25/NT130,7.3,(37人评价)
以愛為名 2,吐維文、九月紫插圖/台灣角川股份有限公司/2014-11-19,9.7,(46人评价)
探索者的牢籠,やまねあやの/東販/2018-2-7/NTD140,8.8,(53人评价)
荔枝☆光俱樂部,古屋兔丸/黃鴻硯/臉譜/2019-1-25/NTD360,9.3,(122人评价)
我倆的愛巢(上),南月ゆう/東立/2019-11-30/140NT,8.6,(63人评价)
俺しか知らないカラダ,薄井いろは/竹書房/2019-2-27/JPY713,7.7,(62人评价)
我倆的愛巢(下),南月ゆう/東立/2019-11-27/140NT,9.2,(59人评价)
彷彿清新氣息 SIDE:A,永井三郎/東立/2018-11-1/NTD130,9.8,(81人评价)
袁先生总是不开心,徐徐图之,7.9,(418人评价)
江湖遍地是奇葩（一）,語笑闌珊、喜喜果/威向/2014-8-20/NTD240,7.5,(50人评价)
おかえりオーレオール,高津/フランス書院/2017-2-27/JPY723,9.0,(79人评价)
相会于加勒比海,风弄/三叶草文化/2003-12,7.7,(2451人评价)
離婚之後我還穿著你的外套（上）,不问三九/没谱文化出版社/2020-5/NTD700（两册）,8.3,(22人评价)
あわいろ絵巻,ふじとび/集英社/2018-2-23/JPY756,8.6,(45人评价)
我的第一次全都被他奪走,五月女えむ/尖端/2018-6-6/NTD140,7.0,(24人评价)
戀愛暴君 10,高永ひなこ/小綠/東販/2016-11-15/NT130,8.4,(63人评价)
10 count 6,宝井理人/東立/2018-10-31/NTD130,7.3,(154人评价)
sick,倉橋トモ/趙秋鳳/東立/2017-3-17/NT130,7.1,(95人评价)
星期戀人(01)MONDAY→THURSDAY,橘紅緒、寶井理人/熊次郎/尖端/2016-12-2/NT200,8.3,(83人评价)
私人花园,末回/威向/2008-05-13,6.3,(53人评价)
天庭出版集團 三,拉棉花糖的兔子、阿嘎/平心出版/2018-5-3/NTD300,8.0,(14人评价)
天庭出版集團 四,拉棉花糖的兔子、阿嘎/平心出版/2018-5-3/NTD300,8.1,(12人评价)
帝王攻略 二,語笑闌珊、張壯壯/葭霏文創/2018-3-30/NTD350,7.7,(61人评价)
龍圖案卷集（卷五）,耳雅、椰汁/葭霏文創/2018-4-3/NTD250,7.7,(22人评价)
龍圖案卷集（卷四）:雪城天母食人案,耳雅、椰汁/葭霏文創/2018-1-12/NTD300,8.2,(29人评价)
龍圖案卷集（卷六）,耳雅、椰汁/葭霏文創/2018-4-3/NTD250,7.7,(20人评价)
龍圖案卷集（卷七）,耳雅、椰汁/葭霏文創/2018-4-12/NTD330,8.0,(19人评价)
龍圖案卷集（卷八）,耳雅、椰汁/葭霏文創/2018-4-12/NTD330,8.2,(22人评价)
S.C.I.謎案集,耳雅/平心工作室/2016-10-27/NTD300元,6.5,(248人评价)
青龍圖騰 第三卷,淮上、張壯壯(繪)、符殊(繪)/葭霏文創出版社/2017-12/NTD330,6.8,(131人评价)
调教成神,玄色/湖南人民出版社/2012-11-1/24.80元,7.1,(298人评价)
酒與菸,座裏屋蘭丸/東立/2019-1-16/NTD140,8.1,(162人评价)
カッコウの夢 上,ためこう/祥伝社/2017-10-25/JPY702,8.1,(125人评价)
新宿Lucky Hole,雲田はるこ/和靜清寂/青文/2013-7-25/NT.130元,8.7,(185人评价)
大唐司天监,萧十一狼/致公出版社/2018-10/38.00,8.0,(125人评价)
スニーキーレッド,たなと/祥伝社/2013-10-25/JPY650,7.5,(53人评价)
艳势番1,韩露/黑龙江美术出版社/2011-11-1/18.00元,8.5,(1026人评价)
春戀櫻花飛,わたなべあじあ/尊龙/2007/20,7.8,(137人评价)
The Joy of Gay Sex,CharlesSilverstein、FelicePicano/Collins/2003-05-01/USD24.95,8.1,(112人评价)
傲嬌男友的掠奪方法,左京亞也/長鴻/2017-8-10/NT140,7.9,(40人评价)
村瀬，在全校廣播中××吧,鳥丸太郎/東立/2017-10-25/NT130,7.0,(24人评价)
我是一個在Gay吧打工的直男,Helicopter/壹樂文創/2019/72HKD,6.8,(少于10人评价)
高校生的木头室友,拓人/飞象映象/2002.01,6.9,(87人评价)
无情璧,月佩环/威向文化/2013-9-18/NT200,7.5,(34人评价)
蛍は明日死ぬ,斉川冬/大洋図書/2019-5-20/JPY710,6.8,(19人评价)
七人环,青丘/湖南人民出版社/2013-6-1/32.00元,7.6,(598人评价)
天才编辑,白野/江苏凤凰文艺出版社/2019-6/69.80元,8.3,(32人评价)
新しい上司はど天然 1,いちかわ暖/秋田書店/2019-8-20/JPY880,9.3,(40人评价)
Ｊの総て　１,中村明日美子/太田出版/2004-6/JPY1000,9.1,(1746人评价)
鬼與天國(下),お吉川京子、阿賀直己/東立/2019-12-18/140元,9.5,(74人评价)
床伴以上，戀人未滿！,暁あまま/趙秋鳳/東立/2016-7-6/NT130,6.4,(83人评价)
S.C.I.謎案集 第四季 03,耳雅、Ao-7/平心工作室/2018-11-1/NTD300,7.2,(57人评价)
龍圖案卷集（卷九）,耳雅、椰汁/葭霏文創/2018-7-27/NTD350,8.2,(21人评价)
龍圖案卷集（卷十）,耳雅、椰汁/葭霏文創/2018-7-27/NTD330,8.1,(19人评价)
難得情深 上,淮上/葭霏文創/2018-8/NTD300,6.6,(112人评价)
千金不换,莫心伤/狗屋/2009-8-27/NTD190,7.9,(158人评价)
如意蛋 上,大风刮过/威向/2009/12/08,8.1,(2148人评价)
ハッピークソライフ 1,はらだ/竹書房/2019-11-15/JPY726,8.7,(52人评价)
CANIS THE SPEAKER-發語者-1 限定版,ZAKK/青文/2018-7-18/NTD220,9.4,(29人评价)
男巫女,藤井あや/ジュネット/2011-8-31/JPY680,5.2,(51人评价)
花といっくん,阿部あかね/新書館/2017-2-1/JPY680,7.8,(29人评价)
無慈悲的男人,櫻賀明/小綠/台灣東販股份有限公司/2011-6-25/NT130,8.3,(93人评价)
オレとアイツの時間外××,輪子湖わこ/竹書房/2016-4-16/JPY730,7.1,(12人评价)
DRAG-LESS SEX 不藥性愛 辰見和戌井,エンゾウ/東立/2019-4-17/NTD140,7.7,(115人评价)
山中人,菖蒲,8.5,(112人评价)
傲慢的階級之戀,ひなこ/東販/2017-8-14/NT130,7.4,(20人评价)
金玉王朝第二部 礪金 上,風弄、王一/威向/2011-2-15,8.5,(416人评价)
金玉王朝第二部 礪金 下,風弄、王一/威向/2011-2-15,8.6,(344人评价)
禁宮 中,末回、雨落/威向/2011-2,7.1,(39人评价)
チェンジワールド 上,南月ゆう/新書館/2017-11-1/JPY680,8.2,(50人评价)
傲嬌男友的安撫方法,左京亜也/長鴻出版社/2015-8-8/NT140,7.9,(65人评价)
世界一初恋  ～小野寺律の場合４～,中村　春菊/角川書店(角川グループパブリッシング)/2010-7-1/JPY588,9.1,(803人评价)
看門狗的調教方法,待緒イサミ/陳姿君/東立/2015-6-24/NT130,7.2,(少于10人评价)
狼狗,千十九、十一ball/威向/2018-12-12/NTD220,8.7,(26人评价)
探索者的渴望,やまねあやの/東販/2018-8/NTD150,9.0,(40人评价)
東京巴比倫(04),CLAMP/connie/台灣東販股份有限公司/2009/06/24/130元,8.6,(404人评价)
Heartless,ニシンマスミ/茜新社/2018-10-16/JPY734,8.7,(46人评价)
漫畫家監修POSE集 妄想POSE集,すず屋、スカーレット．ベリ子/HARU/青文/2017-2-2/NT600,7.4,(13人评价)
ラクダ使いと王子の夜,緒川千世/リブレ出版/2014-3-10/JPY670,6.5,(248人评价)
先輩の水着,佳門サエコ/リブレ出版/2011-8-10/JPY620,7.5,(151人评价)
呵呵,七世有幸/2014,8.8,(221人评价)
三千世界の鴉を殺し 1,津守時生、古张乃梨(插图)/新書館/1999/620,9.6,(823人评价)
憂鬱な朝 3,日高ショーコ/徳間書店/2011-5-25/JPY6.50,7.3,(678人评价)
逐浪（下）,余酲/vialactea/CAD34.99,8.2,(少于10人评价)
竹枝曲,十二只/绘、不可治/脚本/世界知识出版社/2018-1-1/78,8.7,(34人评价)
估算錯誤的不幸戀愛故事,緒川千世/東立/2018-8/NTD130,9.1,(74人评价)
三千世界の鴉を殺し (12),津守時生/新書館/2006-10-7/JPY609,9.0,(158人评价)
三千世界の鴉を殺し〈4〉,津守時生/新書館/2001-7-1/JPY609,9.1,(263人评价)
花盗人,金田正太郎、和泉桂/幻冬舎コミックス/2014-10-24/JPY680,6.1,(20人评价)
三千世界の鴉を殺し〈8〉,津守時生/新書館/2003-11-1/JPY609,9.1,(218人评价)
三千世界の鴉を殺し〈9〉,津守時生/新書館/2004-11-1/JPY609,9.0,(188人评价)
三千世界の鴉を殺し〈10〉,津守時生/新書館/2004-11-1/JPY609,8.9,(190人评价)
三千世界の鴉を殺し〈11〉,津守時生/新書館/2005-9-1/JPY609,9.0,(188人评价)
暴愛フレンドシップ,ずんだ餅粉/Ｊパブリッシング/2018-3-22/JPY700,5.7,(34人评价)
オネエ・女装攻めBL,アンソロジー/三交社/2017-4-25/JPY1000,7.4,(14人评价)
にいちゃん,はらだ/プランタン出版/2017-4-28,8.3,(293人评价)
你只能看著我，不然就把你XX掉,三島一彦/趙秋鳳/東立/2015-10-7/NT130,7.0,(28人评价)
愛的咬痕,イノセ/東立/2019-11-13/130NT,9.7,(少于10人评价)
GIVEN 被贈與的未來(05),キヅナツキ/尖端/2019-11-8/150NT,9.1,(45人评价)
"那一夜,可能有鬼?",黯然销混蛋,7.4,(411人评价)
おいたが過ぎるわ子猫ちゃん,緒川千世/大洋図書/2016-10-15/JPY690,8.4,(79人评价)
朝藍天呼喚,灼/東立/2019-2-28/NTD150,6.7,(88人评价)
沈溺在愛你的感覺,南遙/NT100,8.8,(126人评价)
夏日终曲,[美]安德烈·艾席蒙/吴妍蓉/外语教学与研究出版社/2018-3/39.90,9.4,(13979人评价)
トーマの心臓,萩尾望都/小学館/1995-8/JPY710,9.5,(178人评价)
紙飛機 上冊,潭石/威向/2019-7/NT$380,9.4,(13人评价)
紙飛機 下冊,潭石/威向/2019-7/NT$380,8.5,(11人评价)
烈光1,蝶之灵/广东旅游出版社/2016-9/25.00元,8.6,(33人评价)
我要將你納入手中,くれの又秋/東販/2018-8/NTD130,7.8,(50人评价)
食人者的呢喃,幽呼/鲜欢/2010-11-16,8.4,(13人评价)
三千世界の鴉を殺し〈14〉 (ウィングス文庫),津守時生、麻々原絵里依/新書館/２００８．１１/¥609（本体：¥580）,9.0,(84人评价)
j的故事,中村明日美子、王詩怡/瑪朵出版社有限公司/2009/07/16/NT130,9.2,(1051人评价)
冲撞 续,晓春/聿书馆文化/2006-02-17/NTD200,8.3,(681人评价)
南柯奇谭 2 情相流醉,墨竹/鲜欢文化有限公司/09/08/2006/NT$190,8.1,(267人评价)
我的超神男友,吕天逸/百花洲文艺出版社/2017-12/32.8元,7.2,(50人评价)
南柯奇谭 3 长梦君归,墨竹/鲜欢文化有限公司/10/03/2006/NT$190,7.7,(233人评价)
南柯奇谭 1 醉倚栏杆,墨竹/鲜欢文化有限公司/08/09/2006/NT$190,8.1,(260人评价)
夜明けにふる、 上,ハヤカワノジコ/大洋図書/2018-12-19/JPY710,9.4,(66人评价)
あのこはソレを我慢できない,日塔てい/フロンティアワークス/2016-7-22/JPY700,7.1,(53人评价)
Deep Purple,prin/环宇音像出版社/2008/4.50元(一本),9.6,(507人评价)
HertZ VOL.32,大洋図書/2009-6-1/JPY980,9.7,(59人评价)
不疯魔，不成活,微笑的猫/甘肃人民美术出版社/2014-4-1/28.00元,8.3,(1123人评价)
长夜未央,晓渠/SA工作室/2005-06-30,8.2,(778人评价)
恋する暴君,高永ひなこ/海王社/2005-2-10/610（税込）,8.7,(717人评价)
男男分手專家。2,柏木真/東立/2018-11-7/NTD130,,(19人评价)
龍圖案卷集（卷二）:血染碧水潭,耳雅、椰汁/葭霏文創/2017-12-29/NTD250,8.5,(31人评价)
鬼と天国 上,阿賀直己、お吉川京子/竹書房/2018-11-27/JPY713,8.7,(159人评价)
伺机而动,边想/江苏凤凰文艺出版社/2018-10-30/36.80,8.3,(75人评价)
獣の呪いは恋で解く,栗原カナ/海王社/2020-1-10/JPY759,9.3,(少于10人评价)
俎上の鯉は二度跳ねる,水城せとな/小学館/2009-5-8/JPY500,8.6,(1364人评价)
大劈棺,陈小菜/2016,7.8,(22人评价)
子夜吴歌1 独自愁,墨竹/鲜欢文化/2008-09-05,8.0,(192人评价)
子夜吴歌2 长寂寥,墨竹/鲜欢文化/2008-10-07,7.4,(160人评价)
獸人與少年Ω的命定契約 1,羽純ハナ/Shin/東立/2018-7-4/NTD130,7.4,(100人评价)
给我哭,炎久/世界知识出版社/2017-9-1/39.8,8.9,(79人评价)
血咒聖痕 2,黒乃奈々絵、黑乃奈奈绘/東立/2007-7-17/NT$95,8.5,(415人评价)
黑貓男友的步行方法(1),左京亞也、左京亜也/長鴻/2018-8-16/NTD140,9.2,(49人评价)
我才不想和你談戀愛！(01),月村奎、樹要/H/尖端/2015-7-17/NT130,8.0,(10人评价)
狂鳴我的命定之番;β 1,楔ケリ/長鴻/2018-8-15/NTD140,9.6,(32人评价)
憂鬱な朝 ７,日高ショーコ/徳間書店/2016-11-25/JPY648,9.3,(124人评价)
香味的繼承 下,中村明日美子/東立/2017-2-22/NT130,8.0,(214人评价)
魔道奏鳴曲(01),天城小百合/長鴻/75元,6.9,(79人评价)
上司のくせに生意気だ,天城れの/海王社/2012-2-10,7.9,(49人评价)
イトウさん,冥花すゐ/茜新社/2015-5-29/JPY700,8.3,(110人评价)
天庭出版集團 二,拉棉花糖的兔子、阿嘎/平心出版/2018-4-2/NTD300,8.5,(16人评价)
千一秒物語 (GUSH COMICS),トジツキハジメ/海王社/2008-05-10/610（税込）,,(657人评价)
セブンデイズ,宝井理人(作画)、橘紅緒(著)/大洋図書/2007/9/1/JPY630,9.1,(993人评价)
セブンデイズ,宝井理人(作画)、橘紅緒(著)/大洋図書/2009/6/1/JPY630,9.2,(1281人评价)
筋肉男 (光彩コミックス) [コミック],合集/光彩書房/2002-6-20/７６＋税,,(82人评价)
ようこそ! BL研究クラブへ,春田/Jパブリッシング/2017-1-18/JPY699,7.2,(86人评价)
男妾,水上シン/ジュネット/2012-8-31/JPY680,6.0,(64人评价)
午夜向日葵,E伯爵/威向文化/2005/01/05,8.0,(260人评价)
螳螂之檻(01),彩景でりこ/尖端/2017-7-11/NT140,8.0,(124人评价)
僕らの食卓,三田織/幻冬舎コミックス/2017-1-24/JPY756,8.9,(130人评价)
没有钱7/ お金がないっ 7,香坂透/幻冬舎/2008,7.3,(178人评价)
七重纱舞,E伯爵/花冠文化有限公司/2007/15,8.3,(550人评价)
三森さんのやらしいおくち,rasu/モバイルメディアリサーチ/2019-5-17/JPY745,7.2,(18人评价)
無雙 三,夢溪石、繪者：阿嘎/平心出版/2019-8-12/NTD330,,(10人评价)
Baby vol.8 前屈みになるエロス特集,ヨネダコウ、ヤマシタトモコ、トジツキハジメ、神楽坂はん子、恋煩シビト、車折まゆ、北別府ニカ、海野サチ/ふゅーじょんぷろだくと/2008/12/24/840,9.0,(153人评价)
群青のすべて,古矢渚/一迅社/2015-10-15/JPY734,8.3,(89人评价)
戀愛暴君 4,高永ひなこ/台湾东贩/2007/NT.120,8.9,(1002人评价)
ご主人様調教計画,なるしすのあ~る/ジュネット/2012-4-28/JPY680,5.5,(40人评价)
純情娼年,すなこ/ふゅーじょんぷろだくと/2015-10-24/JPY729,6.1,(103人评价)
Jealousy 2,スカーレット・ベリ子/東立/2018-10-31/NTD150,8.0,(47人评价)
欲望のしずく,東野裕/リブレ出版/2009/10/10/620円（税込）,6.8,(51人评价)
